idna_subject,checker_type,destination,source,tested_at,session_id
123-vay.com,AVAILABILITY,origin.list,origin.list,2023-06-26 08:22:13.981542,707c9cb96dcd7a768d0c4515
11tiki.com,AVAILABILITY,origin.list,origin.list,2023-06-26 08:22:14.099244,707c9cb96dcd7a768d0c4515
010172.com,AVAILABILITY,origin.list,origin.list,2023-06-26 08:22:14.426865,707c9cb96dcd7a768d0c4515
0088shop.com,AVAILABILITY,origin.list,origin.list,2023-06-26 08:22:14.503335,707c9cb96dcd7a768d0c4515
1516shop.com,AVAILABILITY,origin.list,origin.list,2023-06-26 08:22:15.120524,707c9cb96dcd7a768d0c4515
11promax.xakhohangtrungbay.site,AVAILABILITY,origin.list,origin.list,2023-06-26 08:22:15.375223,707c9cb96dcd7a768d0c4515
1is7m7.cyou,AVAILABILITY,origin.list,origin.list,2023-06-26 08:22:15.993856,707c9cb96dcd7a768d0c4515
24-7-vidientu.com,AVAILABILITY,origin.list,origin.list,2023-06-26 08:22:16.216346,707c9cb96dcd7a768d0c4515
24-7bank.com,AVAILABILITY,origin.list,origin.list,2023-06-26 08:22:16.795076,707c9cb96dcd7a768d0c4515
123hmdhjg2.dyndns.org,AVAILABILITY,origin.list,origin.list,2023-06-26 08:22:16.897503,707c9cb96dcd7a768d0c4515
247-banking.com,AVAILABILITY,origin.list,origin.list,2023-06-26 08:22:17.051926,707c9cb96dcd7a768d0c4515
247-bankings.com,AVAILABILITY,origin.list,origin.list,2023-06-26 08:22:17.153704,707c9cb96dcd7a768d0c4515
247-napas.com,AVAILABILITY,origin.list,origin.list,2023-06-26 08:22:17.308355,707c9cb96dcd7a768d0c4515
247-vidientu.com,AVAILABILITY,origin.list,origin.list,2023-06-26 08:22:17.379795,707c9cb96dcd7a768d0c4515
247bank-ing.com,AVAILABILITY,origin.list,origin.list,2023-06-26 08:22:17.603822,707c9cb96dcd7a768d0c4515
247appbank.com,AVAILABILITY,origin.list,origin.list,2023-06-26 08:22:17.681236,707c9cb96dcd7a768d0c4515
123vay.top,AVAILABILITY,origin.list,origin.list,2023-06-26 08:22:17.930797,707c9cb96dcd7a768d0c4515
247vi-bank.com,AVAILABILITY,origin.list,origin.list,2023-06-26 08:22:17.938837,707c9cb96dcd7a768d0c4515
247napas.com,AVAILABILITY,origin.list,origin.list,2023-06-26 08:22:17.984165,707c9cb96dcd7a768d0c4515
24plexus.com,AVAILABILITY,origin.list,origin.list,2023-06-26 08:22:18.345712,707c9cb96dcd7a768d0c4515
24hmoneygram.weebly.com,AVAILABILITY,origin.list,origin.list,2023-06-26 08:22:18.649317,707c9cb96dcd7a768d0c4515
333lotte.com,AVAILABILITY,origin.list,origin.list,2023-06-26 08:22:19.265305,707c9cb96dcd7a768d0c4515
33lotte.com,AVAILABILITY,origin.list,origin.list,2023-06-26 08:22:19.576319,707c9cb96dcd7a768d0c4515
2quality.de,AVAILABILITY,origin.list,origin.list,2023-06-26 08:22:19.625817,707c9cb96dcd7a768d0c4515
3615738.xyz,AVAILABILITY,origin.list,origin.list,2023-06-26 08:22:20.192383,707c9cb96dcd7a768d0c4515
3615407.xyz,AVAILABILITY,origin.list,origin.list,2023-06-26 08:22:20.244669,707c9cb96dcd7a768d0c4515
365bet.shop,AVAILABILITY,origin.list,origin.list,2023-06-26 08:22:21.304893,707c9cb96dcd7a768d0c4515
456vdghgj30.dyndns.org,AVAILABILITY,origin.list,origin.list,2023-06-26 08:22:21.590800,707c9cb96dcd7a768d0c4515
50gb034.xyz,AVAILABILITY,origin.list,origin.list,2023-06-26 08:22:21.809975,707c9cb96dcd7a768d0c4515
555lotte.com,AVAILABILITY,origin.list,origin.list,2023-06-26 08:22:22.324704,707c9cb96dcd7a768d0c4515
55lotte.com,AVAILABILITY,origin.list,origin.list,2023-06-26 08:22:22.696237,707c9cb96dcd7a768d0c4515
555shopify.com,AVAILABILITY,origin.list,origin.list,2023-06-26 08:22:22.976217,707c9cb96dcd7a768d0c4515
2phutkiemtien.com,AVAILABILITY,origin.list,origin.list,2023-06-26 08:22:23.726221,707c9cb96dcd7a768d0c4515
588589.com,AVAILABILITY,origin.list,origin.list,2023-06-26 08:22:24.006865,707c9cb96dcd7a768d0c4515
666lotte.com,AVAILABILITY,origin.list,origin.list,2023-06-26 08:22:24.413675,707c9cb96dcd7a768d0c4515
5namlienquan-giftcode.com,AVAILABILITY,origin.list,origin.list,2023-06-26 08:22:24.540764,707c9cb96dcd7a768d0c4515
5giay.cc,AVAILABILITY,origin.list,origin.list,2023-06-26 08:22:24.567497,707c9cb96dcd7a768d0c4515
66lotte.com,AVAILABILITY,origin.list,origin.list,2023-06-26 08:22:24.948658,707c9cb96dcd7a768d0c4515
66mh.shop,AVAILABILITY,origin.list,origin.list,2023-06-26 08:22:26.072008,707c9cb96dcd7a768d0c4515
671djn.cyou,AVAILABILITY,origin.list,origin.list,2023-06-26 08:22:26.772114,707c9cb96dcd7a768d0c4515
6699uu.com,AVAILABILITY,origin.list,origin.list,2023-06-26 08:22:27.282426,707c9cb96dcd7a768d0c4515
66vang.com,AVAILABILITY,origin.list,origin.list,2023-06-26 08:22:27.710476,707c9cb96dcd7a768d0c4515
1582020.com,AVAILABILITY,origin.list,origin.list,2023-06-26 08:22:27.828858,707c9cb96dcd7a768d0c4515
6788vn.com,AVAILABILITY,origin.list,origin.list,2023-06-26 08:22:27.923530,707c9cb96dcd7a768d0c4515
1583030.com,AVAILABILITY,origin.list,origin.list,2023-06-26 08:22:28.551311,707c9cb96dcd7a768d0c4515
84mua.com,AVAILABILITY,origin.list,origin.list,2023-06-26 08:22:28.581042,707c9cb96dcd7a768d0c4515
887vn.com,AVAILABILITY,origin.list,origin.list,2023-06-26 08:22:28.935012,707c9cb96dcd7a768d0c4515
888lotte.com,AVAILABILITY,origin.list,origin.list,2023-06-26 08:22:29.359608,707c9cb96dcd7a768d0c4515
79wing.com,AVAILABILITY,origin.list,origin.list,2023-06-26 08:22:29.589740,707c9cb96dcd7a768d0c4515
76996.co,AVAILABILITY,origin.list,origin.list,2023-06-26 08:22:29.631987,707c9cb96dcd7a768d0c4515
88lotte.com,AVAILABILITY,origin.list,origin.list,2023-06-26 08:22:29.855923,707c9cb96dcd7a768d0c4515
8dt0a8.cyou,AVAILABILITY,origin.list,origin.list,2023-06-26 08:22:30.716266,707c9cb96dcd7a768d0c4515
8kbetviet.com,AVAILABILITY,origin.list,origin.list,2023-06-26 08:22:31.201819,707c9cb96dcd7a768d0c4515
88vin.shop,AVAILABILITY,origin.list,origin.list,2023-06-26 08:22:31.350899,707c9cb96dcd7a768d0c4515
8chuyenphongthe.com,AVAILABILITY,origin.list,origin.list,2023-06-26 08:22:31.892826,707c9cb96dcd7a768d0c4515
76236osm1.ru,AVAILABILITY,origin.list,origin.list,2023-06-26 08:22:31.950256,707c9cb96dcd7a768d0c4515
8zse5d.cyou,AVAILABILITY,origin.list,origin.list,2023-06-26 08:22:32.206628,707c9cb96dcd7a768d0c4515
999lotte.com,AVAILABILITY,origin.list,origin.list,2023-06-26 08:22:32.290507,707c9cb96dcd7a768d0c4515
99lotte.com,AVAILABILITY,origin.list,origin.list,2023-06-26 08:22:32.297941,707c9cb96dcd7a768d0c4515
free-4paid.com,AVAILABILITY,origin.list,origin.list,2023-06-26 08:22:32.556069,707c9cb96dcd7a768d0c4515
9g5lm9.cyou,AVAILABILITY,origin.list,origin.list,2023-06-26 08:22:32.889262,707c9cb96dcd7a768d0c4515
abbabbbank.com,AVAILABILITY,origin.list,origin.list,2023-06-26 08:22:33.184319,707c9cb96dcd7a768d0c4515
975.vn,AVAILABILITY,origin.list,origin.list,2023-06-26 08:22:33.428550,707c9cb96dcd7a768d0c4515
abbankpro.com,AVAILABILITY,origin.list,origin.list,2023-06-26 08:22:33.456392,707c9cb96dcd7a768d0c4515
abc-vay.com,AVAILABILITY,origin.list,origin.list,2023-06-26 08:22:33.713470,707c9cb96dcd7a768d0c4515
abbankvn.com,AVAILABILITY,origin.list,origin.list,2023-06-26 08:22:33.756125,707c9cb96dcd7a768d0c4515
abc8-vay.com,AVAILABILITY,origin.list,origin.list,2023-06-26 08:22:33.937170,707c9cb96dcd7a768d0c4515
9smomo.com,AVAILABILITY,origin.list,origin.list,2023-06-26 08:22:33.944682,707c9cb96dcd7a768d0c4515
abcmoney.xyz,AVAILABILITY,origin.list,origin.list,2023-06-26 08:22:34.235893,707c9cb96dcd7a768d0c4515
abfishop.org,AVAILABILITY,origin.list,origin.list,2023-06-26 08:22:34.413425,707c9cb96dcd7a768d0c4515
abfishop.com,AVAILABILITY,origin.list,origin.list,2023-06-26 08:22:34.717311,707c9cb96dcd7a768d0c4515
acb.vn-banks.xyz,AVAILABILITY,origin.list,origin.list,2023-06-26 08:22:34.983763,707c9cb96dcd7a768d0c4515
acb.vn-c.xyz,AVAILABILITY,origin.list,origin.list,2023-06-26 08:22:35.196419,707c9cb96dcd7a768d0c4515
888b.biz,AVAILABILITY,origin.list,origin.list,2023-06-26 08:22:35.345023,707c9cb96dcd7a768d0c4515
abutparker.com,AVAILABILITY,origin.list,origin.list,2023-06-26 08:22:35.401505,707c9cb96dcd7a768d0c4515
acb.vn-cl.xyz,AVAILABILITY,origin.list,origin.list,2023-06-26 08:22:35.531440,707c9cb96dcd7a768d0c4515
acb.vn-jss.vip,AVAILABILITY,origin.list,origin.list,2023-06-26 08:22:35.548102,707c9cb96dcd7a768d0c4515
acb.vn-vp.xyz,AVAILABILITY,origin.list,origin.list,2023-06-26 08:22:36.091788,707c9cb96dcd7a768d0c4515
a666.vn,AVAILABILITY,origin.list,origin.list,2023-06-26 08:22:36.611566,707c9cb96dcd7a768d0c4515
acbbank.xyz,AVAILABILITY,origin.list,origin.list,2023-06-26 08:22:36.728948,707c9cb96dcd7a768d0c4515
acbvnliin.com,AVAILABILITY,origin.list,origin.list,2023-06-26 08:22:36.882638,707c9cb96dcd7a768d0c4515
acb.vn-ol.top,AVAILABILITY,origin.list,origin.list,2023-06-26 08:22:36.930686,707c9cb96dcd7a768d0c4515
acbvnlin.com,AVAILABILITY,origin.list,origin.list,2023-06-26 08:22:37.302392,707c9cb96dcd7a768d0c4515
acclienquan24h.vn,AVAILABILITY,origin.list,origin.list,2023-06-26 08:22:37.603635,707c9cb96dcd7a768d0c4515
acclienquangiare.shop,AVAILABILITY,origin.list,origin.list,2023-06-26 08:22:37.716505,707c9cb96dcd7a768d0c4515
acs84.com,AVAILABILITY,origin.list,origin.list,2023-06-26 08:22:37.770955,707c9cb96dcd7a768d0c4515
addatamarket.net,AVAILABILITY,origin.list,origin.list,2023-06-26 08:22:38.048070,707c9cb96dcd7a768d0c4515
acclienquan365.com,AVAILABILITY,origin.list,origin.list,2023-06-26 08:22:38.307288,707c9cb96dcd7a768d0c4515
activationskey.org,AVAILABILITY,origin.list,origin.list,2023-06-26 08:22:38.951992,707c9cb96dcd7a768d0c4515
adef77.com,AVAILABILITY,origin.list,origin.list,2023-06-26 08:22:41.074541,707c9cb96dcd7a768d0c4515
adef66.com,AVAILABILITY,origin.list,origin.list,2023-06-26 08:22:41.372639,707c9cb96dcd7a768d0c4515
adm789.com,AVAILABILITY,origin.list,origin.list,2023-06-26 08:22:41.497722,707c9cb96dcd7a768d0c4515
admin-vayvonvietthanh.com,AVAILABILITY,origin.list,origin.list,2023-06-26 08:22:41.631018,707c9cb96dcd7a768d0c4515
adef22.com,AVAILABILITY,origin.list,origin.list,2023-06-26 08:22:41.848236,707c9cb96dcd7a768d0c4515
adsharedwi897th.cfd,AVAILABILITY,origin.list,origin.list,2023-06-26 08:22:42.344140,707c9cb96dcd7a768d0c4515
agrib-vn.com,AVAILABILITY,origin.list,origin.list,2023-06-26 08:22:42.569149,707c9cb96dcd7a768d0c4515
acclienquan.vn,AVAILABILITY,origin.list,origin.list,2023-06-26 08:22:44.461015,707c9cb96dcd7a768d0c4515
agribank.info,AVAILABILITY,origin.list,origin.list,2023-06-26 08:22:44.486375,707c9cb96dcd7a768d0c4515
adkiemtien123.click,AVAILABILITY,origin.list,origin.list,2023-06-26 08:22:45.359862,707c9cb96dcd7a768d0c4515
agribanking.com.vn,AVAILABILITY,origin.list,origin.list,2023-06-26 08:22:45.721215,707c9cb96dcd7a768d0c4515
ae888vip.com,AVAILABILITY,origin.list,origin.list,2023-06-26 08:22:45.758841,707c9cb96dcd7a768d0c4515
ahoravideo-blog.com,AVAILABILITY,origin.list,origin.list,2023-06-26 08:22:46.033893,707c9cb96dcd7a768d0c4515
agribanks.space,AVAILABILITY,origin.list,origin.list,2023-06-26 08:22:46.585252,707c9cb96dcd7a768d0c4515
ads-tm-glb.click,AVAILABILITY,origin.list,origin.list,2023-06-26 08:22:46.727262,707c9cb96dcd7a768d0c4515
ahoravideo-cdn.com,AVAILABILITY,origin.list,origin.list,2023-06-26 08:22:46.811116,707c9cb96dcd7a768d0c4515
ahoravideo-chat.com,AVAILABILITY,origin.list,origin.list,2023-06-26 08:22:47.037062,707c9cb96dcd7a768d0c4515
ahoravideo-cdn.xyz,AVAILABILITY,origin.list,origin.list,2023-06-26 08:22:47.166263,707c9cb96dcd7a768d0c4515
ahoravideo-endpoint.com,AVAILABILITY,origin.list,origin.list,2023-06-26 08:22:47.425016,707c9cb96dcd7a768d0c4515
agribanks3.asia,AVAILABILITY,origin.list,origin.list,2023-06-26 08:22:47.499887,707c9cb96dcd7a768d0c4515
ahoravideo-schnellvpn.com,AVAILABILITY,origin.list,origin.list,2023-06-26 08:22:47.759013,707c9cb96dcd7a768d0c4515
ahoravideo-endpoint.xyz,AVAILABILITY,origin.list,origin.list,2023-06-26 08:22:47.846730,707c9cb96dcd7a768d0c4515
ahoravideo-chat.xyz,AVAILABILITY,origin.list,origin.list,2023-06-26 08:22:47.902110,707c9cb96dcd7a768d0c4515
ahoravideo-blog.xyz,AVAILABILITY,origin.list,origin.list,2023-06-26 08:22:47.982069,707c9cb96dcd7a768d0c4515
ahoravideo-schnellvpn.xyz,AVAILABILITY,origin.list,origin.list,2023-06-26 08:22:48.183631,707c9cb96dcd7a768d0c4515
ahthegha.cfd,AVAILABILITY,origin.list,origin.list,2023-06-26 08:22:48.398609,707c9cb96dcd7a768d0c4515
alibabavip.xyz,AVAILABILITY,origin.list,origin.list,2023-06-26 08:22:49.254362,707c9cb96dcd7a768d0c4515
alibabavn.shop,AVAILABILITY,origin.list,origin.list,2023-06-26 08:22:49.803928,707c9cb96dcd7a768d0c4515
agribanks.link,AVAILABILITY,origin.list,origin.list,2023-06-26 08:22:50.076903,707c9cb96dcd7a768d0c4515
aliexshop.life,AVAILABILITY,origin.list,origin.list,2023-06-26 08:22:50.555078,707c9cb96dcd7a768d0c4515
allcrackhere.info,AVAILABILITY,origin.list,origin.list,2023-06-26 08:22:51.332510,707c9cb96dcd7a768d0c4515
aliexshop.vip,AVAILABILITY,origin.list,origin.list,2023-06-26 08:22:51.347142,707c9cb96dcd7a768d0c4515
allegro-task.shop,AVAILABILITY,origin.list,origin.list,2023-06-26 08:22:51.944931,707c9cb96dcd7a768d0c4515
aliexshop.top,AVAILABILITY,origin.list,origin.list,2023-06-26 08:22:52.021861,707c9cb96dcd7a768d0c4515
allcracks.org,AVAILABILITY,origin.list,origin.list,2023-06-26 08:22:52.121219,707c9cb96dcd7a768d0c4515
allowlisted.net,AVAILABILITY,origin.list,origin.list,2023-06-26 08:22:52.795708,707c9cb96dcd7a768d0c4515
almofmultiple.cfd,AVAILABILITY,origin.list,origin.list,2023-06-26 08:22:52.959263,707c9cb96dcd7a768d0c4515
alovay24h.com,AVAILABILITY,origin.list,origin.list,2023-06-26 08:22:53.181403,707c9cb96dcd7a768d0c4515
amazon.amazonptj.com,AVAILABILITY,origin.list,origin.list,2023-06-26 08:22:54.231713,707c9cb96dcd7a768d0c4515
amazonbig.asia,AVAILABILITY,origin.list,origin.list,2023-06-26 08:22:55.374588,707c9cb96dcd7a768d0c4515
allpcsoftwares.info,AVAILABILITY,origin.list,origin.list,2023-06-26 08:22:55.778919,707c9cb96dcd7a768d0c4515
amg133180.com,AVAILABILITY,origin.list,origin.list,2023-06-26 08:22:56.209275,707c9cb96dcd7a768d0c4515
amg187208.com,AVAILABILITY,origin.list,origin.list,2023-06-26 08:22:56.712049,707c9cb96dcd7a768d0c4515
amnsreiuojy.ru,AVAILABILITY,origin.list,origin.list,2023-06-26 08:22:57.274663,707c9cb96dcd7a768d0c4515
anbinh-finance.club,AVAILABILITY,origin.list,origin.list,2023-06-26 08:22:57.310542,707c9cb96dcd7a768d0c4515
andelect.cfd,AVAILABILITY,origin.list,origin.list,2023-06-26 08:22:58.128043,707c9cb96dcd7a768d0c4515
anceovarec.cfd,AVAILABILITY,origin.list,origin.list,2023-06-26 08:22:58.133212,707c9cb96dcd7a768d0c4515
andslideasco.cfd,AVAILABILITY,origin.list,origin.list,2023-06-26 08:22:59.015954,707c9cb96dcd7a768d0c4515
alibabavnn.com,AVAILABILITY,origin.list,origin.list,2023-06-26 08:22:59.056611,707c9cb96dcd7a768d0c4515
android-system-virus-detect.web.app,AVAILABILITY,origin.list,origin.list,2023-06-26 08:22:59.086210,707c9cb96dcd7a768d0c4515
alicshop.com,AVAILABILITY,origin.list,origin.list,2023-06-26 08:22:59.427539,707c9cb96dcd7a768d0c4515
ani453las.cfd,AVAILABILITY,origin.list,origin.list,2023-06-26 08:22:59.487230,707c9cb96dcd7a768d0c4515
anstv.net,AVAILABILITY,origin.list,origin.list,2023-06-26 08:22:59.693206,707c9cb96dcd7a768d0c4515
ans7tv.net,AVAILABILITY,origin.list,origin.list,2023-06-26 08:22:59.749197,707c9cb96dcd7a768d0c4515
anwasthere.cfd,AVAILABILITY,origin.list,origin.list,2023-06-26 08:23:00.113333,707c9cb96dcd7a768d0c4515
aodaisieuvietnhi2022.weebly.com,AVAILABILITY,origin.list,origin.list,2023-06-26 08:23:00.722925,707c9cb96dcd7a768d0c4515
apphdbank.fun,AVAILABILITY,origin.list,origin.list,2023-06-26 08:23:01.360924,707c9cb96dcd7a768d0c4515
apple-vn.shop,AVAILABILITY,origin.list,origin.list,2023-06-26 08:23:04.384383,707c9cb96dcd7a768d0c4515
amazonxk.com,AVAILABILITY,origin.list,origin.list,2023-06-26 08:23:04.915851,707c9cb96dcd7a768d0c4515
apps-for-pc.com,AVAILABILITY,origin.list,origin.list,2023-06-26 08:23:05.183477,707c9cb96dcd7a768d0c4515
apple.support-maps.live,AVAILABILITY,origin.list,origin.list,2023-06-26 08:23:05.652419,707c9cb96dcd7a768d0c4515
apteka-money.ru,AVAILABILITY,origin.list,origin.list,2023-06-26 08:23:06.089750,707c9cb96dcd7a768d0c4515
aptersandt.cfd,AVAILABILITY,origin.list,origin.list,2023-06-26 08:23:06.727236,707c9cb96dcd7a768d0c4515
appvaytien.vn,AVAILABILITY,origin.list,origin.list,2023-06-26 08:23:06.736318,707c9cb96dcd7a768d0c4515
app.zingmp3.pro,AVAILABILITY,origin.list,origin.list,2023-06-26 08:23:07.407883,707c9cb96dcd7a768d0c4515
aquagoat.xyz,AVAILABILITY,origin.list,origin.list,2023-06-26 08:23:08.136728,707c9cb96dcd7a768d0c4515
apxsoftwares.com,AVAILABILITY,origin.list,origin.list,2023-06-26 08:23:09.034403,707c9cb96dcd7a768d0c4515
app.senaobz.cc,AVAILABILITY,origin.list,origin.list,2023-06-26 08:23:09.375352,707c9cb96dcd7a768d0c4515
asd.my-downloader.com,AVAILABILITY,origin.list,origin.list,2023-06-26 08:23:09.683383,707c9cb96dcd7a768d0c4515
aryancrack.com,AVAILABILITY,origin.list,origin.list,2023-06-26 08:23:11.136811,707c9cb96dcd7a768d0c4515
aribank.info,AVAILABILITY,origin.list,origin.list,2023-06-26 08:23:11.152574,707c9cb96dcd7a768d0c4515
asian-tindung.com,AVAILABILITY,origin.list,origin.list,2023-06-26 08:23:11.412946,707c9cb96dcd7a768d0c4515
aquank.com,AVAILABILITY,origin.list,origin.list,2023-06-26 08:23:13.661283,707c9cb96dcd7a768d0c4515
asiabay.shop,AVAILABILITY,origin.list,origin.list,2023-06-26 08:23:15.438821,707c9cb96dcd7a768d0c4515
asiabayshop.com,AVAILABILITY,origin.list,origin.list,2023-06-26 08:23:17.108815,707c9cb96dcd7a768d0c4515
ateofakist.cfd,AVAILABILITY,origin.list,origin.list,2023-06-26 08:23:17.900740,707c9cb96dcd7a768d0c4515
atlas-upd.com,AVAILABILITY,origin.list,origin.list,2023-06-26 08:23:18.162290,707c9cb96dcd7a768d0c4515
atomictrivia.ru,AVAILABILITY,origin.list,origin.list,2023-06-26 08:23:24.249380,707c9cb96dcd7a768d0c4515
asiashop888.com,AVAILABILITY,origin.list,origin.list,2023-06-26 08:23:24.971683,707c9cb96dcd7a768d0c4515
atyphy.cyou,AVAILABILITY,origin.list,origin.list,2023-06-26 08:23:25.673797,707c9cb96dcd7a768d0c4515
avietcombank.com,AVAILABILITY,origin.list,origin.list,2023-06-26 08:23:26.498732,707c9cb96dcd7a768d0c4515
atspace.tv,AVAILABILITY,origin.list,origin.list,2023-06-26 08:23:26.564694,707c9cb96dcd7a768d0c4515
awae-shop.com,AVAILABILITY,origin.list,origin.list,2023-06-26 08:23:26.757357,707c9cb96dcd7a768d0c4515
backuprabbit.com,AVAILABILITY,origin.list,origin.list,2023-06-26 08:23:26.891713,707c9cb96dcd7a768d0c4515
asiashop999.com,AVAILABILITY,origin.list,origin.list,2023-06-26 08:23:27.004649,707c9cb96dcd7a768d0c4515
bagas3-1.com,AVAILABILITY,origin.list,origin.list,2023-06-26 08:23:27.016258,707c9cb96dcd7a768d0c4515
asiashop666.com,AVAILABILITY,origin.list,origin.list,2023-06-26 08:23:27.641121,707c9cb96dcd7a768d0c4515
balamall.shop,AVAILABILITY,origin.list,origin.list,2023-06-26 08:23:28.362026,707c9cb96dcd7a768d0c4515
baiduthi2063.work,AVAILABILITY,origin.list,origin.list,2023-06-26 08:23:28.444074,707c9cb96dcd7a768d0c4515
bank247quocte-westernunion.weebly.com,AVAILABILITY,origin.list,origin.list,2023-06-26 08:23:29.086378,707c9cb96dcd7a768d0c4515
app.mybigc.net,AVAILABILITY,origin.list,origin.list,2023-06-26 08:23:29.189862,707c9cb96dcd7a768d0c4515
bank86.net,AVAILABILITY,origin.list,origin.list,2023-06-26 08:23:29.270776,707c9cb96dcd7a768d0c4515
bankgame.online,AVAILABILITY,origin.list,origin.list,2023-06-26 08:23:29.814330,707c9cb96dcd7a768d0c4515
banking24-7.com,AVAILABILITY,origin.list,origin.list,2023-06-26 08:23:29.858824,707c9cb96dcd7a768d0c4515
banking24hsingapore.weebly.com,AVAILABILITY,origin.list,origin.list,2023-06-26 08:23:29.999745,707c9cb96dcd7a768d0c4515
baiduthi02.work,AVAILABILITY,origin.list,origin.list,2023-06-26 08:23:30.031603,707c9cb96dcd7a768d0c4515
baiduthi2051.work,AVAILABILITY,origin.list,origin.list,2023-06-26 08:23:30.554957,707c9cb96dcd7a768d0c4515
bankquocte.weebly.com,AVAILABILITY,origin.list,origin.list,2023-06-26 08:23:30.835258,707c9cb96dcd7a768d0c4515
banklienthong247.com,AVAILABILITY,origin.list,origin.list,2023-06-26 08:23:30.911638,707c9cb96dcd7a768d0c4515
banktopvn.online,AVAILABILITY,origin.list,origin.list,2023-06-26 08:23:31.092418,707c9cb96dcd7a768d0c4515
banvoucher-vn.weeblysite.com,AVAILABILITY,origin.list,origin.list,2023-06-26 08:23:31.656022,707c9cb96dcd7a768d0c4515
banksieutoc.one,AVAILABILITY,origin.list,origin.list,2023-06-26 08:23:31.832163,707c9cb96dcd7a768d0c4515
bankvn1s.com,AVAILABILITY,origin.list,origin.list,2023-06-26 08:23:32.094499,707c9cb96dcd7a768d0c4515
baohanhdienmayxanhvn.com,AVAILABILITY,origin.list,origin.list,2023-06-26 08:23:32.747221,707c9cb96dcd7a768d0c4515
baosaoviet24h.net,AVAILABILITY,origin.list,origin.list,2023-06-26 08:23:32.781922,707c9cb96dcd7a768d0c4515
baohiemvietinbank.com,AVAILABILITY,origin.list,origin.list,2023-06-26 08:23:32.840357,707c9cb96dcd7a768d0c4515
banthang.me,AVAILABILITY,origin.list,origin.list,2023-06-26 08:23:33.008016,707c9cb96dcd7a768d0c4515
baotrixanhvn.com,AVAILABILITY,origin.list,origin.list,2023-06-26 08:23:33.860241,707c9cb96dcd7a768d0c4515
baotienphong.net,AVAILABILITY,origin.list,origin.list,2023-06-26 08:23:33.986909,707c9cb96dcd7a768d0c4515
bcmoney.xyz,AVAILABILITY,origin.list,origin.list,2023-06-26 08:23:34.204724,707c9cb96dcd7a768d0c4515
bbankpower.com,AVAILABILITY,origin.list,origin.list,2023-06-26 08:23:34.418608,707c9cb96dcd7a768d0c4515
bestbitbank.co,AVAILABILITY,origin.list,origin.list,2023-06-26 08:23:35.071473,707c9cb96dcd7a768d0c4515
bestbitcoinbank.net,AVAILABILITY,origin.list,origin.list,2023-06-26 08:23:35.950175,707c9cb96dcd7a768d0c4515
bideo-blog.com,AVAILABILITY,origin.list,origin.list,2023-06-26 08:23:36.178472,707c9cb96dcd7a768d0c4515
beoneviet.com,AVAILABILITY,origin.list,origin.list,2023-06-26 08:23:36.234583,707c9cb96dcd7a768d0c4515
bideo-cdn.com,AVAILABILITY,origin.list,origin.list,2023-06-26 08:23:36.459955,707c9cb96dcd7a768d0c4515
bemcll.me,AVAILABILITY,origin.list,origin.list,2023-06-26 08:23:36.746453,707c9cb96dcd7a768d0c4515
bideo-cdn.xyz,AVAILABILITY,origin.list,origin.list,2023-06-26 08:23:36.888136,707c9cb96dcd7a768d0c4515
bideo-chat.com,AVAILABILITY,origin.list,origin.list,2023-06-26 08:23:37.008230,707c9cb96dcd7a768d0c4515
bideo-blog.xyz,AVAILABILITY,origin.list,origin.list,2023-06-26 08:23:37.067917,707c9cb96dcd7a768d0c4515
bideo-endpoint.com,AVAILABILITY,origin.list,origin.list,2023-06-26 08:23:37.235194,707c9cb96dcd7a768d0c4515
bideo-chat.xyz,AVAILABILITY,origin.list,origin.list,2023-06-26 08:23:37.325692,707c9cb96dcd7a768d0c4515
bideo-endpoint.xyz,AVAILABILITY,origin.list,origin.list,2023-06-26 08:23:37.475649,707c9cb96dcd7a768d0c4515
bideo-schnellvpn.com,AVAILABILITY,origin.list,origin.list,2023-06-26 08:23:37.495434,707c9cb96dcd7a768d0c4515
bideo-schnellvpn.xyz,AVAILABILITY,origin.list,origin.list,2023-06-26 08:23:37.738255,707c9cb96dcd7a768d0c4515
bidv-transfermoney.weebly.com,AVAILABILITY,origin.list,origin.list,2023-06-26 08:23:38.002121,707c9cb96dcd7a768d0c4515
biettainhimua2.wixsite.com,AVAILABILITY,origin.list,origin.list,2023-06-26 08:23:38.998636,707c9cb96dcd7a768d0c4515
biettaitihonvietnam2021.weebly.com,AVAILABILITY,origin.list,origin.list,2023-06-26 08:23:39.337719,707c9cb96dcd7a768d0c4515
bilinkexchang.com,AVAILABILITY,origin.list,origin.list,2023-06-26 08:23:39.479595,707c9cb96dcd7a768d0c4515
binhchon-gionghatvietnhi-2022.weebly.com,AVAILABILITY,origin.list,origin.list,2023-06-26 08:23:39.929814,707c9cb96dcd7a768d0c4515
binh-chonthang7.weebly.com,AVAILABILITY,origin.list,origin.list,2023-06-26 08:23:40.062839,707c9cb96dcd7a768d0c4515
bidvsmartbanking2.ihappy.info,AVAILABILITY,origin.list,origin.list,2023-06-26 08:23:40.198534,707c9cb96dcd7a768d0c4515
binhchonanhduthicuabe2022.weebly.com,AVAILABILITY,origin.list,origin.list,2023-06-26 08:23:40.833217,707c9cb96dcd7a768d0c4515
binhchon-gionghatvietnhi-vong1-nam2022.weebly.com,AVAILABILITY,origin.list,origin.list,2023-06-26 08:23:40.863054,707c9cb96dcd7a768d0c4515
bankingbnl.com,AVAILABILITY,origin.list,origin.list,2023-06-26 08:23:40.871513,707c9cb96dcd7a768d0c4515
binhchonduthitainang2022mua3.weebly.com,AVAILABILITY,origin.list,origin.list,2023-06-26 08:23:40.974141,707c9cb96dcd7a768d0c4515
binhchongionghatvietnhi2021vietnames.weebly.com,AVAILABILITY,origin.list,origin.list,2023-06-26 08:23:41.653812,707c9cb96dcd7a768d0c4515
binhchonhoakhoivietnammua9.weebly.com,AVAILABILITY,origin.list,origin.list,2023-06-26 08:23:41.668041,707c9cb96dcd7a768d0c4515
binhchonkhoanhkhacbeyeu2022.weebly.com,AVAILABILITY,origin.list,origin.list,2023-06-26 08:23:41.956971,707c9cb96dcd7a768d0c4515
binhchongionghatviet2019.weebly.com,AVAILABILITY,origin.list,origin.list,2023-06-26 08:23:42.075491,707c9cb96dcd7a768d0c4515
binhchonthisinhgionghatvietnhi2022vtv6vn.weebly.com,AVAILABILITY,origin.list,origin.list,2023-06-26 08:23:42.291162,707c9cb96dcd7a768d0c4515
binhchonquafacehhh.weebly.com,AVAILABILITY,origin.list,origin.list,2023-06-26 08:23:42.489454,707c9cb96dcd7a768d0c4515
binhconhocsinh2021.weebly.com,AVAILABILITY,origin.list,origin.list,2023-06-26 08:23:42.898376,707c9cb96dcd7a768d0c4515
bitbank6699.com,AVAILABILITY,origin.list,origin.list,2023-06-26 08:23:43.045348,707c9cb96dcd7a768d0c4515
binzdapoet.shop,AVAILABILITY,origin.list,origin.list,2023-06-26 08:23:43.076197,707c9cb96dcd7a768d0c4515
bitrueexchange.com,AVAILABILITY,origin.list,origin.list,2023-06-26 08:23:43.408996,707c9cb96dcd7a768d0c4515
bitsbankuk.com,AVAILABILITY,origin.list,origin.list,2023-06-26 08:23:43.743349,707c9cb96dcd7a768d0c4515
bitbank.la,AVAILABILITY,origin.list,origin.list,2023-06-26 08:23:43.893683,707c9cb96dcd7a768d0c4515
biticonsbank.com,AVAILABILITY,origin.list,origin.list,2023-06-26 08:23:43.981652,707c9cb96dcd7a768d0c4515
bitcoinship.net,AVAILABILITY,origin.list,origin.list,2023-06-26 08:23:44.305858,707c9cb96dcd7a768d0c4515
bluvenie.com,AVAILABILITY,origin.list,origin.list,2023-06-26 08:23:44.948966,707c9cb96dcd7a768d0c4515
bm1717.com,AVAILABILITY,origin.list,origin.list,2023-06-26 08:23:45.454627,707c9cb96dcd7a768d0c4515
bk8vietnam.com,AVAILABILITY,origin.list,origin.list,2023-06-26 08:23:45.598525,707c9cb96dcd7a768d0c4515
bm3536.com,AVAILABILITY,origin.list,origin.list,2023-06-26 08:23:45.889047,707c9cb96dcd7a768d0c4515
bmoney2017.com,AVAILABILITY,origin.list,origin.list,2023-06-26 08:23:46.131918,707c9cb96dcd7a768d0c4515
bocongthuong.org,AVAILABILITY,origin.list,origin.list,2023-06-26 08:23:46.716411,707c9cb96dcd7a768d0c4515
bsanvietnam.online,AVAILABILITY,origin.list,origin.list,2023-06-26 08:23:47.254158,707c9cb96dcd7a768d0c4515
bschuyenkhoamat.biz,AVAILABILITY,origin.list,origin.list,2023-06-26 08:23:47.362830,707c9cb96dcd7a768d0c4515
butvelocities.cfd,AVAILABILITY,origin.list,origin.list,2023-06-26 08:23:47.980177,707c9cb96dcd7a768d0c4515
businessvideonews.com,AVAILABILITY,origin.list,origin.list,2023-06-26 08:23:48.029126,707c9cb96dcd7a768d0c4515
buontien247.fun,AVAILABILITY,origin.list,origin.list,2023-06-26 08:23:48.227572,707c9cb96dcd7a768d0c4515
bvietcombank.com,AVAILABILITY,origin.list,origin.list,2023-06-26 08:23:48.662985,707c9cb96dcd7a768d0c4515
bxrtxfr.xyz,AVAILABILITY,origin.list,origin.list,2023-06-26 08:23:48.773281,707c9cb96dcd7a768d0c4515
campxanh.info,AVAILABILITY,origin.list,origin.list,2023-06-26 08:23:50.320942,707c9cb96dcd7a768d0c4515
byasdebrisfie.cfd,AVAILABILITY,origin.list,origin.list,2023-06-26 08:23:51.464980,707c9cb96dcd7a768d0c4515
canvayvon.net,AVAILABILITY,origin.list,origin.list,2023-06-26 08:23:54.803844,707c9cb96dcd7a768d0c4515
buyboxershort3contactshop.click,AVAILABILITY,origin.list,origin.list,2023-06-26 08:23:54.879548,707c9cb96dcd7a768d0c4515
card-tindung-vp.com,AVAILABILITY,origin.list,origin.list,2023-06-26 08:23:55.140119,707c9cb96dcd7a768d0c4515
caoviet.net,AVAILABILITY,origin.list,origin.list,2023-06-26 08:23:55.146954,707c9cb96dcd7a768d0c4515
bgtib222.com,AVAILABILITY,origin.list,origin.list,2023-06-26 08:23:55.346134,707c9cb96dcd7a768d0c4515
card-tindung.com,AVAILABILITY,origin.list,origin.list,2023-06-26 08:23:55.372469,707c9cb96dcd7a768d0c4515
cathe-tindung247mpos.com,AVAILABILITY,origin.list,origin.list,2023-06-26 08:23:55.638084,707c9cb96dcd7a768d0c4515
cardshinhan.com,AVAILABILITY,origin.list,origin.list,2023-06-26 08:23:55.810193,707c9cb96dcd7a768d0c4515
casneon.com,AVAILABILITY,origin.list,origin.list,2023-06-26 08:23:56.034671,707c9cb96dcd7a768d0c4515
caonhanh.xyz,AVAILABILITY,origin.list,origin.list,2023-06-26 08:23:56.925197,707c9cb96dcd7a768d0c4515
cbox4.ignorelist.com,AVAILABILITY,origin.list,origin.list,2023-06-26 08:23:57.454382,707c9cb96dcd7a768d0c4515
celerantatters.com,AVAILABILITY,origin.list,origin.list,2023-06-26 08:23:59.012188,707c9cb96dcd7a768d0c4515
centralonline.shop,AVAILABILITY,origin.list,origin.list,2023-06-26 08:23:59.471599,707c9cb96dcd7a768d0c4515
cesareurope.com,AVAILABILITY,origin.list,origin.list,2023-06-26 08:23:59.840417,707c9cb96dcd7a768d0c4515
cettiarl.com,AVAILABILITY,origin.list,origin.list,2023-06-26 08:24:00.823856,707c9cb96dcd7a768d0c4515
cf222.art,AVAILABILITY,origin.list,origin.list,2023-06-26 08:24:00.855964,707c9cb96dcd7a768d0c4515
chanle79.me,AVAILABILITY,origin.list,origin.list,2023-06-26 08:24:01.844439,707c9cb96dcd7a768d0c4515
cbfor49836.click,AVAILABILITY,origin.list,origin.list,2023-06-26 08:24:02.629361,707c9cb96dcd7a768d0c4515
cb49836.click,AVAILABILITY,origin.list,origin.list,2023-06-26 08:24:03.060827,707c9cb96dcd7a768d0c4515
chanlemmo.com,AVAILABILITY,origin.list,origin.list,2023-06-26 08:24:03.727450,707c9cb96dcd7a768d0c4515
chanlemomo.zyrosite.com,AVAILABILITY,origin.list,origin.list,2023-06-26 08:24:03.792948,707c9cb96dcd7a768d0c4515
checkaccff.com,AVAILABILITY,origin.list,origin.list,2023-06-26 08:24:04.809365,707c9cb96dcd7a768d0c4515
chanlemomo.vin,AVAILABILITY,origin.list,origin.list,2023-06-26 08:24:04.936084,707c9cb96dcd7a768d0c4515
checkerviet.win,AVAILABILITY,origin.list,origin.list,2023-06-26 08:24:07.932262,707c9cb96dcd7a768d0c4515
chamsockhachang.com,AVAILABILITY,origin.list,origin.list,2023-06-26 08:24:08.804383,707c9cb96dcd7a768d0c4515
chovayfecredit.com,AVAILABILITY,origin.list,origin.list,2023-06-26 08:24:09.821673,707c9cb96dcd7a768d0c4515
chovaynhanh.online,AVAILABILITY,origin.list,origin.list,2023-06-26 08:24:13.575647,707c9cb96dcd7a768d0c4515
checkfbviet.tk,AVAILABILITY,origin.list,origin.list,2023-06-26 08:24:17.163006,707c9cb96dcd7a768d0c4515
chovaytiengopsg.com,AVAILABILITY,origin.list,origin.list,2023-06-26 08:24:17.807920,707c9cb96dcd7a768d0c4515
chientich-sinhnhatlienquangarenavn.ml,AVAILABILITY,origin.list,origin.list,2023-06-26 08:24:19.016150,707c9cb96dcd7a768d0c4515
chuongtrinhgionghaatvietnhii2021.weebly.com,AVAILABILITY,origin.list,origin.list,2023-06-26 08:24:20.133548,707c9cb96dcd7a768d0c4515
chientich-sinhnhat-lienquanvn.gq,AVAILABILITY,origin.list,origin.list,2023-06-26 08:24:20.165112,707c9cb96dcd7a768d0c4515
chuyen.net,AVAILABILITY,origin.list,origin.list,2023-06-26 08:24:21.246088,707c9cb96dcd7a768d0c4515
chuongtrinhgionghatvietnamnhi2021.weebly.com,AVAILABILITY,origin.list,origin.list,2023-06-26 08:24:21.314881,707c9cb96dcd7a768d0c4515
chuyendoitienquote-nhantien24h.weebly.com,AVAILABILITY,origin.list,origin.list,2023-06-26 08:24:21.809262,707c9cb96dcd7a768d0c4515
chovaytieudung.online,AVAILABILITY,origin.list,origin.list,2023-06-26 08:24:22.052720,707c9cb96dcd7a768d0c4515
chuyentienngay.site,AVAILABILITY,origin.list,origin.list,2023-06-26 08:24:22.489550,707c9cb96dcd7a768d0c4515
chuyengiadinh.org,AVAILABILITY,origin.list,origin.list,2023-06-26 08:24:22.623476,707c9cb96dcd7a768d0c4515
citi-vietnam.com,AVAILABILITY,origin.list,origin.list,2023-06-26 08:24:22.884336,707c9cb96dcd7a768d0c4515
chuyentienquocte242.weebly.com,AVAILABILITY,origin.list,origin.list,2023-06-26 08:24:23.105678,707c9cb96dcd7a768d0c4515
citivay.org,AVAILABILITY,origin.list,origin.list,2023-06-26 08:24:23.845605,707c9cb96dcd7a768d0c4515
chuyentienvn.weebly.com,AVAILABILITY,origin.list,origin.list,2023-06-26 08:24:24.263745,707c9cb96dcd7a768d0c4515
claudfront.net,AVAILABILITY,origin.list,origin.list,2023-06-26 08:24:24.697361,707c9cb96dcd7a768d0c4515
clmm.me,AVAILABILITY,origin.list,origin.list,2023-06-26 08:24:25.516311,707c9cb96dcd7a768d0c4515
clmm.pro,AVAILABILITY,origin.list,origin.list,2023-06-26 08:24:26.550822,707c9cb96dcd7a768d0c4515
clmm.nl,AVAILABILITY,origin.list,origin.list,2023-06-26 08:24:27.054063,707c9cb96dcd7a768d0c4515
clmm.tv,AVAILABILITY,origin.list,origin.list,2023-06-26 08:24:27.596509,707c9cb96dcd7a768d0c4515
chuyentienkieuhoi247.cf,AVAILABILITY,origin.list,origin.list,2023-06-26 08:24:27.606201,707c9cb96dcd7a768d0c4515
clmm.team,AVAILABILITY,origin.list,origin.list,2023-06-26 08:24:28.467415,707c9cb96dcd7a768d0c4515
clmm.win,AVAILABILITY,origin.list,origin.list,2023-06-26 08:24:28.630618,707c9cb96dcd7a768d0c4515
clmm1.tv,AVAILABILITY,origin.list,origin.list,2023-06-26 08:24:28.715920,707c9cb96dcd7a768d0c4515
clmm34.me,AVAILABILITY,origin.list,origin.list,2023-06-26 08:24:29.862667,707c9cb96dcd7a768d0c4515
clmm29.fun,AVAILABILITY,origin.list,origin.list,2023-06-26 08:24:30.021490,707c9cb96dcd7a768d0c4515
clmm88.co,AVAILABILITY,origin.list,origin.list,2023-06-26 08:24:30.466436,707c9cb96dcd7a768d0c4515
clmm113.me,AVAILABILITY,origin.list,origin.list,2023-06-26 08:24:31.111536,707c9cb96dcd7a768d0c4515
cloud27.xyz,AVAILABILITY,origin.list,origin.list,2023-06-26 08:24:31.589061,707c9cb96dcd7a768d0c4515
cloudsponcer.com,AVAILABILITY,origin.list,origin.list,2023-06-26 08:24:33.678574,707c9cb96dcd7a768d0c4515
cltx.in,AVAILABILITY,origin.list,origin.list,2023-06-26 08:24:34.420981,707c9cb96dcd7a768d0c4515
cloud25.xyz,AVAILABILITY,origin.list,origin.list,2023-06-26 08:24:35.670603,707c9cb96dcd7a768d0c4515
cltx19.me,AVAILABILITY,origin.list,origin.list,2023-06-26 08:24:36.333010,707c9cb96dcd7a768d0c4515
cl247.me,AVAILABILITY,origin.list,origin.list,2023-06-26 08:24:36.831943,707c9cb96dcd7a768d0c4515
cltx88.com,AVAILABILITY,origin.list,origin.list,2023-06-26 08:24:36.878154,707c9cb96dcd7a768d0c4515
clubfiletyc.com,AVAILABILITY,origin.list,origin.list,2023-06-26 08:24:37.203154,707c9cb96dcd7a768d0c4515
clubleadershipsolutions.com,AVAILABILITY,origin.list,origin.list,2023-06-26 08:24:37.646482,707c9cb96dcd7a768d0c4515
cloudshop88.net,AVAILABILITY,origin.list,origin.list,2023-06-26 08:24:41.633140,707c9cb96dcd7a768d0c4515
cnaptheaz.com,AVAILABILITY,origin.list,origin.list,2023-06-26 08:24:42.916693,707c9cb96dcd7a768d0c4515
bloodleian.club,AVAILABILITY,origin.list,origin.list,2023-06-26 08:24:43.755722,707c9cb96dcd7a768d0c4515
cltx.shop,AVAILABILITY,origin.list,origin.list,2023-06-26 08:24:45.796201,707c9cb96dcd7a768d0c4515
codb2b.shop,AVAILABILITY,origin.list,origin.list,2023-06-26 08:24:46.931222,707c9cb96dcd7a768d0c4515
code-garena-vn.com,AVAILABILITY,origin.list,origin.list,2023-06-26 08:24:47.262315,707c9cb96dcd7a768d0c4515
code-lienquan-vn.com,AVAILABILITY,origin.list,origin.list,2023-06-26 08:24:47.436928,707c9cb96dcd7a768d0c4515
cmvietcombank.com,AVAILABILITY,origin.list,origin.list,2023-06-26 08:24:48.160957,707c9cb96dcd7a768d0c4515
codelienquan2022.com,AVAILABILITY,origin.list,origin.list,2023-06-26 08:24:48.612390,707c9cb96dcd7a768d0c4515
coinprofitsexchange.uk,AVAILABILITY,origin.list,origin.list,2023-06-26 08:24:49.101224,707c9cb96dcd7a768d0c4515
com-bank.xyz,AVAILABILITY,origin.list,origin.list,2023-06-26 08:24:49.821207,707c9cb96dcd7a768d0c4515
coinbank247.com,AVAILABILITY,origin.list,origin.list,2023-06-26 08:24:49.821774,707c9cb96dcd7a768d0c4515
com.vn-hc.info,AVAILABILITY,origin.list,origin.list,2023-06-26 08:24:50.190117,707c9cb96dcd7a768d0c4515
com-us.shop,AVAILABILITY,origin.list,origin.list,2023-06-26 08:24:50.300903,707c9cb96dcd7a768d0c4515
com.vn-rb.icu,AVAILABILITY,origin.list,origin.list,2023-06-26 08:24:51.391982,707c9cb96dcd7a768d0c4515
com.vn-rn.biz,AVAILABILITY,origin.list,origin.list,2023-06-26 08:24:51.805717,707c9cb96dcd7a768d0c4515
com.vn-sp.top,AVAILABILITY,origin.list,origin.list,2023-06-26 08:24:52.374319,707c9cb96dcd7a768d0c4515
com.vn-iy.info,AVAILABILITY,origin.list,origin.list,2023-06-26 08:24:52.784444,707c9cb96dcd7a768d0c4515
com.vn-iz.info,AVAILABILITY,origin.list,origin.list,2023-06-26 08:24:53.265541,707c9cb96dcd7a768d0c4515
com.vn-sp.xyz,AVAILABILITY,origin.list,origin.list,2023-06-26 08:24:53.879024,707c9cb96dcd7a768d0c4515
cnvietcombank.com,AVAILABILITY,origin.list,origin.list,2023-06-26 08:24:55.107028,707c9cb96dcd7a768d0c4515
com.vn-uz.info,AVAILABILITY,origin.list,origin.list,2023-06-26 08:24:55.226592,707c9cb96dcd7a768d0c4515
condandthi.cfd,AVAILABILITY,origin.list,origin.list,2023-06-26 08:24:55.810267,707c9cb96dcd7a768d0c4515
com.vn-ub.info,AVAILABILITY,origin.list,origin.list,2023-06-26 08:24:55.850061,707c9cb96dcd7a768d0c4515
congdongvietnam247.com,AVAILABILITY,origin.list,origin.list,2023-06-26 08:24:56.903372,707c9cb96dcd7a768d0c4515
congnap-playtogether.com,AVAILABILITY,origin.list,origin.list,2023-06-26 08:24:57.683528,707c9cb96dcd7a768d0c4515
congdientu247.com,AVAILABILITY,origin.list,origin.list,2023-06-26 08:24:57.704492,707c9cb96dcd7a768d0c4515
comptrffc.com,AVAILABILITY,origin.list,origin.list,2023-06-26 08:24:57.738568,707c9cb96dcd7a768d0c4515
congnapfreefire.com,AVAILABILITY,origin.list,origin.list,2023-06-26 08:24:59.109677,707c9cb96dcd7a768d0c4515
congdong-awc-vongquaylienquan.tk,AVAILABILITY,origin.list,origin.list,2023-06-26 08:24:59.307789,707c9cb96dcd7a768d0c4515
congnaplienquan.com,AVAILABILITY,origin.list,origin.list,2023-06-26 08:24:59.721507,707c9cb96dcd7a768d0c4515
congthongtinvidientu.com,AVAILABILITY,origin.list,origin.list,2023-06-26 08:25:00.655305,707c9cb96dcd7a768d0c4515
congtacvienonline.vn,AVAILABILITY,origin.list,origin.list,2023-06-26 08:25:00.800793,707c9cb96dcd7a768d0c4515
coonnfirrmm-bankingg247njf.weebly.com,AVAILABILITY,origin.list,origin.list,2023-06-26 08:25:01.457198,707c9cb96dcd7a768d0c4515
coronappzz.com,AVAILABILITY,origin.list,origin.list,2023-06-26 08:25:01.940130,707c9cb96dcd7a768d0c4515
cpa-tc.com,AVAILABILITY,origin.list,origin.list,2023-06-26 08:25:02.169872,707c9cb96dcd7a768d0c4515
congnghevietmy.com.vn,AVAILABILITY,origin.list,origin.list,2023-06-26 08:25:04.090011,707c9cb96dcd7a768d0c4515
crackedlink.com,AVAILABILITY,origin.list,origin.list,2023-06-26 08:25:05.014955,707c9cb96dcd7a768d0c4515
crackedpcs.com,AVAILABILITY,origin.list,origin.list,2023-06-26 08:25:06.603963,707c9cb96dcd7a768d0c4515
crackedsofts.info,AVAILABILITY,origin.list,origin.list,2023-06-26 08:25:07.239447,707c9cb96dcd7a768d0c4515
crackfullpc.com,AVAILABILITY,origin.list,origin.list,2023-06-26 08:25:08.745549,707c9cb96dcd7a768d0c4515
crackfullpro.com,AVAILABILITY,origin.list,origin.list,2023-06-26 08:25:08.805481,707c9cb96dcd7a768d0c4515
congtytaichinhlotte.com,AVAILABILITY,origin.list,origin.list,2023-06-26 08:25:11.077163,707c9cb96dcd7a768d0c4515
congtykiman.org,AVAILABILITY,origin.list,origin.list,2023-06-26 08:25:11.303659,707c9cb96dcd7a768d0c4515
crackplaced.com,AVAILABILITY,origin.list,origin.list,2023-06-26 08:25:11.497637,707c9cb96dcd7a768d0c4515
cltx888.me,AVAILABILITY,origin.list,origin.list,2023-06-26 08:25:12.447042,707c9cb96dcd7a768d0c4515
cracknhanh.com,AVAILABILITY,origin.list,origin.list,2023-06-26 08:25:12.607356,707c9cb96dcd7a768d0c4515
cracktube.net,AVAILABILITY,origin.list,origin.list,2023-06-26 08:25:13.349571,707c9cb96dcd7a768d0c4515
crackpropc.com,AVAILABILITY,origin.list,origin.list,2023-06-26 08:25:13.725186,707c9cb96dcd7a768d0c4515
cskh-dienmayxanhvn.com,AVAILABILITY,origin.list,origin.list,2023-06-26 08:25:13.954071,707c9cb96dcd7a768d0c4515
cressbank.com,AVAILABILITY,origin.list,origin.list,2023-06-26 08:25:14.172689,707c9cb96dcd7a768d0c4515
crestfidubank.com,AVAILABILITY,origin.list,origin.list,2023-06-26 08:25:14.438846,707c9cb96dcd7a768d0c4515
cryptooexchange.xyz,AVAILABILITY,origin.list,origin.list,2023-06-26 08:25:18.523843,707c9cb96dcd7a768d0c4515
cskhdienmayxanh.com,AVAILABILITY,origin.list,origin.list,2023-06-26 08:25:18.593617,707c9cb96dcd7a768d0c4515
cskhxacminhtaikhoangarena-vn.com,AVAILABILITY,origin.list,origin.list,2023-06-26 08:25:18.751759,707c9cb96dcd7a768d0c4515
cryptominexchange.com,AVAILABILITY,origin.list,origin.list,2023-06-26 08:25:19.280247,707c9cb96dcd7a768d0c4515
cskhmayxanh.com,AVAILABILITY,origin.list,origin.list,2023-06-26 08:25:22.605738,707c9cb96dcd7a768d0c4515
ctswasprimarilyd.cfd,AVAILABILITY,origin.list,origin.list,2023-06-26 08:25:23.683322,707c9cb96dcd7a768d0c4515
ctv-shopee.com,AVAILABILITY,origin.list,origin.list,2023-06-26 08:25:23.945706,707c9cb96dcd7a768d0c4515
csr110112201eur.click,AVAILABILITY,origin.list,origin.list,2023-06-26 08:25:26.359010,707c9cb96dcd7a768d0c4515
csr110112204eur.click,AVAILABILITY,origin.list,origin.list,2023-06-26 08:25:27.342865,707c9cb96dcd7a768d0c4515
cskhdienmayxanhvn.com,AVAILABILITY,origin.list,origin.list,2023-06-26 08:25:28.463228,707c9cb96dcd7a768d0c4515
csr110112203eur.click,AVAILABILITY,origin.list,origin.list,2023-06-26 08:25:32.590914,707c9cb96dcd7a768d0c4515
cuocthigionghatvietnhi2021.weebly.com,AVAILABILITY,origin.list,origin.list,2023-06-26 08:25:35.016367,707c9cb96dcd7a768d0c4515
ctvshopee.com,AVAILABILITY,origin.list,origin.list,2023-06-26 08:25:35.027539,707c9cb96dcd7a768d0c4515
ctvay.net,AVAILABILITY,origin.list,origin.list,2023-06-26 08:25:35.031565,707c9cb96dcd7a768d0c4515
cuocthitainangnhithang12.weebly.com,AVAILABILITY,origin.list,origin.list,2023-06-26 08:25:35.887236,707c9cb96dcd7a768d0c4515
cuocthianhmuahebeyeu.weebly.com,AVAILABILITY,origin.list,origin.list,2023-06-26 08:25:36.350138,707c9cb96dcd7a768d0c4515
cvietcombank.com,AVAILABILITY,origin.list,origin.list,2023-06-26 08:25:36.841604,707c9cb96dcd7a768d0c4515
daisyshopp.com,AVAILABILITY,origin.list,origin.list,2023-06-26 08:25:36.989751,707c9cb96dcd7a768d0c4515
daikinvietnam.vn,AVAILABILITY,origin.list,origin.list,2023-06-26 08:25:38.203034,707c9cb96dcd7a768d0c4515
daef33.com,AVAILABILITY,origin.list,origin.list,2023-06-26 08:25:38.229026,707c9cb96dcd7a768d0c4515
dangkykubet.vip,AVAILABILITY,origin.list,origin.list,2023-06-26 08:25:40.101039,707c9cb96dcd7a768d0c4515
currencyconverterbanking.weebly.com,AVAILABILITY,origin.list,origin.list,2023-06-26 08:25:40.589000,707c9cb96dcd7a768d0c4515
dangkyonline-payment.com,AVAILABILITY,origin.list,origin.list,2023-06-26 08:25:40.819286,707c9cb96dcd7a768d0c4515
dangkyquetthe-tindungvn.com,AVAILABILITY,origin.list,origin.list,2023-06-26 08:25:41.083901,707c9cb96dcd7a768d0c4515
dangkynick.online,AVAILABILITY,origin.list,origin.list,2023-06-26 08:25:41.800552,707c9cb96dcd7a768d0c4515
dangkyappbank.online,AVAILABILITY,origin.list,origin.list,2023-06-26 08:25:42.283600,707c9cb96dcd7a768d0c4515
dangkycongtacvien.vn,AVAILABILITY,origin.list,origin.list,2023-06-26 08:25:43.190099,707c9cb96dcd7a768d0c4515
dangky.electricz.xyz,AVAILABILITY,origin.list,origin.list,2023-06-26 08:25:43.765462,707c9cb96dcd7a768d0c4515
dangkyrik.net,AVAILABILITY,origin.list,origin.list,2023-06-26 08:25:44.338291,707c9cb96dcd7a768d0c4515
dangkythabet.com,AVAILABILITY,origin.list,origin.list,2023-06-26 08:25:45.755854,707c9cb96dcd7a768d0c4515
dangkytanggiai2022.com,AVAILABILITY,origin.list,origin.list,2023-06-26 08:25:46.123099,707c9cb96dcd7a768d0c4515
dangkytinchapshinhan.xyz,AVAILABILITY,origin.list,origin.list,2023-06-26 08:25:47.651129,707c9cb96dcd7a768d0c4515
dangkytruyenhinhcap.com,AVAILABILITY,origin.list,origin.list,2023-06-26 08:25:49.117470,707c9cb96dcd7a768d0c4515
dangkyshopee.vn,AVAILABILITY,origin.list,origin.list,2023-06-26 08:25:49.607858,707c9cb96dcd7a768d0c4515
dangkysendo.vn,AVAILABILITY,origin.list,origin.list,2023-06-26 08:25:50.437056,707c9cb96dcd7a768d0c4515
datamarketplace.net,AVAILABILITY,origin.list,origin.list,2023-06-26 08:25:51.189780,707c9cb96dcd7a768d0c4515
dangkyvaybidv.com,AVAILABILITY,origin.list,origin.list,2023-06-26 08:25:51.811810,707c9cb96dcd7a768d0c4515
datgrabsaigon.com,AVAILABILITY,origin.list,origin.list,2023-06-26 08:25:52.776191,707c9cb96dcd7a768d0c4515
dautruongdanhvong.com,AVAILABILITY,origin.list,origin.list,2023-06-26 08:25:54.103834,707c9cb96dcd7a768d0c4515
dathangdon.com,AVAILABILITY,origin.list,origin.list,2023-06-26 08:25:54.420464,707c9cb96dcd7a768d0c4515
dangkyvay-bank247.net,AVAILABILITY,origin.list,origin.list,2023-06-26 08:25:57.188112,707c9cb96dcd7a768d0c4515
dcommerc.cfd,AVAILABILITY,origin.list,origin.list,2023-06-26 08:25:57.838141,707c9cb96dcd7a768d0c4515
deepprostore.com,AVAILABILITY,origin.list,origin.list,2023-06-26 08:25:58.917614,707c9cb96dcd7a768d0c4515
daohannganhang.click,AVAILABILITY,origin.list,origin.list,2023-06-26 08:25:59.145557,707c9cb96dcd7a768d0c4515
dev-checkmoneypayment-mpos.com,AVAILABILITY,origin.list,origin.list,2023-06-26 08:25:59.409137,707c9cb96dcd7a768d0c4515
dautukiemtien.net,AVAILABILITY,origin.list,origin.list,2023-06-26 08:25:59.879192,707c9cb96dcd7a768d0c4515
dendrito.name,AVAILABILITY,origin.list,origin.list,2023-06-26 08:25:59.994232,707c9cb96dcd7a768d0c4515
defi.hsfdefi.com,AVAILABILITY,origin.list,origin.list,2023-06-26 08:26:00.512972,707c9cb96dcd7a768d0c4515
dhl-chuyenphatnhanhquocte.com.vn,AVAILABILITY,origin.list,origin.list,2023-06-26 08:26:00.532476,707c9cb96dcd7a768d0c4515
demo.sc0mvn.com,AVAILABILITY,origin.list,origin.list,2023-06-26 08:26:01.204824,707c9cb96dcd7a768d0c4515
dhlexpress-vietnam.com.vn,AVAILABILITY,origin.list,origin.list,2023-06-26 08:26:01.761291,707c9cb96dcd7a768d0c4515
dhl-chuyenphatnhanhquocte.vn,AVAILABILITY,origin.list,origin.list,2023-06-26 08:26:03.588580,707c9cb96dcd7a768d0c4515
dg2255.com,AVAILABILITY,origin.list,origin.list,2023-06-26 08:26:04.076796,707c9cb96dcd7a768d0c4515
dhlvietnam-express.vn,AVAILABILITY,origin.list,origin.list,2023-06-26 08:26:04.243530,707c9cb96dcd7a768d0c4515
dfsshop66.com,AVAILABILITY,origin.list,origin.list,2023-06-26 08:26:05.340222,707c9cb96dcd7a768d0c4515
dhl-vietnam.vn,AVAILABILITY,origin.list,origin.list,2023-06-26 08:26:11.123540,707c9cb96dcd7a768d0c4515
dichvunhantien-eu.org,AVAILABILITY,origin.list,origin.list,2023-06-26 08:26:13.658840,707c9cb96dcd7a768d0c4515
dichvudaohantindung.com,AVAILABILITY,origin.list,origin.list,2023-06-26 08:26:13.805721,707c9cb96dcd7a768d0c4515
dichvu-chuyentien24h.000webhostapp.com,AVAILABILITY,origin.list,origin.list,2023-06-26 08:26:14.615770,707c9cb96dcd7a768d0c4515
dichvuchuyentien-ind.weebly.com,AVAILABILITY,origin.list,origin.list,2023-06-26 08:26:14.747333,707c9cb96dcd7a768d0c4515
dichvunhantienquocte2-4-7.weebly.com,AVAILABILITY,origin.list,origin.list,2023-06-26 08:26:15.539692,707c9cb96dcd7a768d0c4515
dichvuruttien247.com,AVAILABILITY,origin.list,origin.list,2023-06-26 08:26:17.861851,707c9cb96dcd7a768d0c4515
dien-may-xanh.net,AVAILABILITY,origin.list,origin.list,2023-06-26 08:26:18.089525,707c9cb96dcd7a768d0c4515
didongviet.store,AVAILABILITY,origin.list,origin.list,2023-06-26 08:26:21.890072,707c9cb96dcd7a768d0c4515
dienmayxanh-vn.top,AVAILABILITY,origin.list,origin.list,2023-06-26 08:26:24.005622,707c9cb96dcd7a768d0c4515
dichvushopee.com,AVAILABILITY,origin.list,origin.list,2023-06-26 08:26:26.516240,707c9cb96dcd7a768d0c4515
dichvuvietnam.pw,AVAILABILITY,origin.list,origin.list,2023-06-26 08:26:26.700655,707c9cb96dcd7a768d0c4515
dienmayxanh247.com,AVAILABILITY,origin.list,origin.list,2023-06-26 08:26:28.295506,707c9cb96dcd7a768d0c4515
dienmayxanh24h.com,AVAILABILITY,origin.list,origin.list,2023-06-26 08:26:29.181295,707c9cb96dcd7a768d0c4515
dienmayxanhantam.com,AVAILABILITY,origin.list,origin.list,2023-06-26 08:26:30.408726,707c9cb96dcd7a768d0c4515
dienmayxanh.fun,AVAILABILITY,origin.list,origin.list,2023-06-26 08:26:30.673281,707c9cb96dcd7a768d0c4515
dienlanhnguyenkim.ctyvn.net,AVAILABILITY,origin.list,origin.list,2023-06-26 08:26:32.226523,707c9cb96dcd7a768d0c4515
dichvunhantien24h.com,AVAILABILITY,origin.list,origin.list,2023-06-26 08:26:33.222055,707c9cb96dcd7a768d0c4515
dienmayxanhbeauty.com,AVAILABILITY,origin.list,origin.list,2023-06-26 08:26:36.571993,707c9cb96dcd7a768d0c4515
dienmayxanhhcm24h.com,AVAILABILITY,origin.list,origin.list,2023-06-26 08:26:39.105248,707c9cb96dcd7a768d0c4515
dienmayxanh24h.net,AVAILABILITY,origin.list,origin.list,2023-06-26 08:26:39.916488,707c9cb96dcd7a768d0c4515
dienmayxanhtantam.com,AVAILABILITY,origin.list,origin.list,2023-06-26 08:26:41.596665,707c9cb96dcd7a768d0c4515
dienmayxanhbeautyplus.com,AVAILABILITY,origin.list,origin.list,2023-06-26 08:26:42.020258,707c9cb96dcd7a768d0c4515
dienmayxanhhcm.com,AVAILABILITY,origin.list,origin.list,2023-06-26 08:26:44.804425,707c9cb96dcd7a768d0c4515
differentia.ru,AVAILABILITY,origin.list,origin.list,2023-06-26 08:26:46.796727,707c9cb96dcd7a768d0c4515
disorderstatus.ru,AVAILABILITY,origin.list,origin.list,2023-06-26 08:26:47.366429,707c9cb96dcd7a768d0c4515
dienthoaiviet.net,AVAILABILITY,origin.list,origin.list,2023-06-26 08:26:50.488739,707c9cb96dcd7a768d0c4515
dmxvip.com,AVAILABILITY,origin.list,origin.list,2023-06-26 08:26:51.162595,707c9cb96dcd7a768d0c4515
dienmayxanhh.com,AVAILABILITY,origin.list,origin.list,2023-06-26 08:26:51.439621,707c9cb96dcd7a768d0c4515
dienmayxanhtrungtam.com,AVAILABILITY,origin.list,origin.list,2023-06-26 08:26:52.129622,707c9cb96dcd7a768d0c4515
do002.com,AVAILABILITY,origin.list,origin.list,2023-06-26 08:26:52.670189,707c9cb96dcd7a768d0c4515
doctromtinnhan.com,AVAILABILITY,origin.list,origin.list,2023-06-26 08:26:53.612581,707c9cb96dcd7a768d0c4515
doithuong247.club,AVAILABILITY,origin.list,origin.list,2023-06-26 08:26:57.728913,707c9cb96dcd7a768d0c4515
doitiengia.com,AVAILABILITY,origin.list,origin.list,2023-06-26 08:26:58.835993,707c9cb96dcd7a768d0c4515
do005.com,AVAILABILITY,origin.list,origin.list,2023-06-26 08:26:59.084961,707c9cb96dcd7a768d0c4515
donghothongminh-mienphiship.online,AVAILABILITY,origin.list,origin.list,2023-06-26 08:26:59.309254,707c9cb96dcd7a768d0c4515
donhangkiemtra.com,AVAILABILITY,origin.list,origin.list,2023-06-26 08:27:00.474882,707c9cb96dcd7a768d0c4515
doithecaothanhtienmat.com,AVAILABILITY,origin.list,origin.list,2023-06-26 08:27:00.667024,707c9cb96dcd7a768d0c4515
doithecao.com.vn,AVAILABILITY,origin.list,origin.list,2023-06-26 08:27:01.648363,707c9cb96dcd7a768d0c4515
dragoncapitalvay.com,AVAILABILITY,origin.list,origin.list,2023-06-26 08:27:01.911901,707c9cb96dcd7a768d0c4515
dragoncapitalmoney.com,AVAILABILITY,origin.list,origin.list,2023-06-26 08:27:03.130798,707c9cb96dcd7a768d0c4515
domainxnewma.com,AVAILABILITY,origin.list,origin.list,2023-06-26 08:27:04.911261,707c9cb96dcd7a768d0c4515
drakeesh.com,AVAILABILITY,origin.list,origin.list,2023-06-26 08:27:10.136457,707c9cb96dcd7a768d0c4515
drake4.xyz,AVAILABILITY,origin.list,origin.list,2023-06-26 08:27:10.822918,707c9cb96dcd7a768d0c4515
dtdvmuadong-lienquan.com,AVAILABILITY,origin.list,origin.list,2023-06-26 08:27:11.039531,707c9cb96dcd7a768d0c4515
dtcltx.com,AVAILABILITY,origin.list,origin.list,2023-06-26 08:27:13.241359,707c9cb96dcd7a768d0c4515
duyendangaodaivietnam2021.weebly.com,AVAILABILITY,origin.list,origin.list,2023-06-26 08:27:14.070489,707c9cb96dcd7a768d0c4515
dvdienmayxanh.com,AVAILABILITY,origin.list,origin.list,2023-06-26 08:27:16.141124,707c9cb96dcd7a768d0c4515
dorsitan.shop,AVAILABILITY,origin.list,origin.list,2023-06-26 08:27:17.314679,707c9cb96dcd7a768d0c4515
easyloan-money-th.com,AVAILABILITY,origin.list,origin.list,2023-06-26 08:27:17.544263,707c9cb96dcd7a768d0c4515
e-bankingshopee.vn,AVAILABILITY,origin.list,origin.list,2023-06-26 08:27:20.734787,707c9cb96dcd7a768d0c4515
e-sacombank.com,AVAILABILITY,origin.list,origin.list,2023-06-26 08:27:23.681783,707c9cb96dcd7a768d0c4515
easywebmanager.nl,AVAILABILITY,origin.list,origin.list,2023-06-26 08:27:24.658065,707c9cb96dcd7a768d0c4515
duthithanhlich2021.weebly.com,AVAILABILITY,origin.list,origin.list,2023-06-26 08:27:25.375176,707c9cb96dcd7a768d0c4515
dvfbnhan.com,AVAILABILITY,origin.list,origin.list,2023-06-26 08:27:25.386966,707c9cb96dcd7a768d0c4515
ebank.wmxba.com,AVAILABILITY,origin.list,origin.list,2023-06-26 08:27:31.670729,707c9cb96dcd7a768d0c4515
easywbdesign.com,AVAILABILITY,origin.list,origin.list,2023-06-26 08:27:32.108711,707c9cb96dcd7a768d0c4515
ebank.hlug1k.com,AVAILABILITY,origin.list,origin.list,2023-06-26 08:27:38.839974,707c9cb96dcd7a768d0c4515
ebanking.smbnv.com,AVAILABILITY,origin.list,origin.list,2023-06-26 08:27:40.881076,707c9cb96dcd7a768d0c4515
ebayshopnet.com,AVAILABILITY,origin.list,origin.list,2023-06-26 08:27:41.886714,707c9cb96dcd7a768d0c4515
ebmarketingshops.com,AVAILABILITY,origin.list,origin.list,2023-06-26 08:27:47.417607,707c9cb96dcd7a768d0c4515
ebuyy.shop,AVAILABILITY,origin.list,origin.list,2023-06-26 08:27:49.976630,707c9cb96dcd7a768d0c4515
edbythe67ak.cfd,AVAILABILITY,origin.list,origin.list,2023-06-26 08:27:51.994568,707c9cb96dcd7a768d0c4515
ebanking.wiopm.com,AVAILABILITY,origin.list,origin.list,2023-06-26 08:27:52.541625,707c9cb96dcd7a768d0c4515
ebanking.dnryg31.com,AVAILABILITY,origin.list,origin.list,2023-06-26 08:27:52.573986,707c9cb96dcd7a768d0c4515
ebanking.ttoh4.com,AVAILABILITY,origin.list,origin.list,2023-06-26 08:27:54.599540,707c9cb96dcd7a768d0c4515
eeorderso.cfd,AVAILABILITY,origin.list,origin.list,2023-06-26 08:27:58.474701,707c9cb96dcd7a768d0c4515
ebankingshopee.vn,AVAILABILITY,origin.list,origin.list,2023-06-26 08:28:01.886331,707c9cb96dcd7a768d0c4515
egiontheh.cfd,AVAILABILITY,origin.list,origin.list,2023-06-26 08:28:04.025939,707c9cb96dcd7a768d0c4515
eeeesss.xyz,AVAILABILITY,origin.list,origin.list,2023-06-26 08:28:08.468577,707c9cb96dcd7a768d0c4515
edunetworkvietnam.com.vn,AVAILABILITY,origin.list,origin.list,2023-06-26 08:28:09.196549,707c9cb96dcd7a768d0c4515
emoney2017.com,AVAILABILITY,origin.list,origin.list,2023-06-26 08:28:11.549505,707c9cb96dcd7a768d0c4515
emodernst.cfd,AVAILABILITY,origin.list,origin.list,2023-06-26 08:28:13.762483,707c9cb96dcd7a768d0c4515
edunetworkonlinevietnam.com,AVAILABILITY,origin.list,origin.list,2023-06-26 08:28:15.935605,707c9cb96dcd7a768d0c4515
egt091102205euc.click,AVAILABILITY,origin.list,origin.list,2023-06-26 08:28:17.605964,707c9cb96dcd7a768d0c4515
egt091102207euc.click,AVAILABILITY,origin.list,origin.list,2023-06-26 08:28:18.852460,707c9cb96dcd7a768d0c4515
entbymo.cfd,AVAILABILITY,origin.list,origin.list,2023-06-26 08:28:20.640069,707c9cb96dcd7a768d0c4515
ergyfrommo.cfd,AVAILABILITY,origin.list,origin.list,2023-06-26 08:28:21.513943,707c9cb96dcd7a768d0c4515
emoneyspace.com,AVAILABILITY,origin.list,origin.list,2023-06-26 08:28:23.585338,707c9cb96dcd7a768d0c4515
eventlienquanmobile.com,AVAILABILITY,origin.list,origin.list,2023-06-26 08:28:30.545227,707c9cb96dcd7a768d0c4515
essbritanidim.club,AVAILABILITY,origin.list,origin.list,2023-06-26 08:28:32.892828,707c9cb96dcd7a768d0c4515
eventlienquanvn.com,AVAILABILITY,origin.list,origin.list,2023-06-26 08:28:34.652216,707c9cb96dcd7a768d0c4515
evay.info,AVAILABILITY,origin.list,origin.list,2023-06-26 08:28:35.224125,707c9cb96dcd7a768d0c4515
eserbank.com,AVAILABILITY,origin.list,origin.list,2023-06-26 08:28:37.413558,707c9cb96dcd7a768d0c4515
evnvaytien.xyz,AVAILABILITY,origin.list,origin.list,2023-06-26 08:28:40.187563,707c9cb96dcd7a768d0c4515
evncredit.online,AVAILABILITY,origin.list,origin.list,2023-06-26 08:28:45.005748,707c9cb96dcd7a768d0c4515
eximbank.club,AVAILABILITY,origin.list,origin.list,2023-06-26 08:28:45.453212,707c9cb96dcd7a768d0c4515
eximbank.today,AVAILABILITY,origin.list,origin.list,2023-06-26 08:28:49.742166,707c9cb96dcd7a768d0c4515
eventriansieusao.com,AVAILABILITY,origin.list,origin.list,2023-06-26 08:28:51.904008,707c9cb96dcd7a768d0c4515
evnbankcredit.info,AVAILABILITY,origin.list,origin.list,2023-06-26 08:28:54.142933,707c9cb96dcd7a768d0c4515
eventlqvn.com,AVAILABILITY,origin.list,origin.list,2023-06-26 08:28:55.087609,707c9cb96dcd7a768d0c4515
face-book.co,AVAILABILITY,origin.list,origin.list,2023-06-26 08:28:55.652440,707c9cb96dcd7a768d0c4515
expressmoney.cc,AVAILABILITY,origin.list,origin.list,2023-06-26 08:28:58.184766,707c9cb96dcd7a768d0c4515
fairu-blog.com,AVAILABILITY,origin.list,origin.list,2023-06-26 08:28:58.426833,707c9cb96dcd7a768d0c4515
exovietnam.xyz,AVAILABILITY,origin.list,origin.list,2023-06-26 08:29:00.387352,707c9cb96dcd7a768d0c4515
fairu-cdn.com,AVAILABILITY,origin.list,origin.list,2023-06-26 08:29:00.651571,707c9cb96dcd7a768d0c4515
facebookk.life,AVAILABILITY,origin.list,origin.list,2023-06-26 08:29:03.814542,707c9cb96dcd7a768d0c4515
fairu-chat.com,AVAILABILITY,origin.list,origin.list,2023-06-26 08:29:04.044853,707c9cb96dcd7a768d0c4515
eximbank.xyz,AVAILABILITY,origin.list,origin.list,2023-06-26 08:29:04.055197,707c9cb96dcd7a768d0c4515
fairu-endpoint.com,AVAILABILITY,origin.list,origin.list,2023-06-26 08:29:04.286696,707c9cb96dcd7a768d0c4515
fairu-cdn.xyz,AVAILABILITY,origin.list,origin.list,2023-06-26 08:29:04.473943,707c9cb96dcd7a768d0c4515
fairu-chat.xyz,AVAILABILITY,origin.list,origin.list,2023-06-26 08:29:04.486670,707c9cb96dcd7a768d0c4515
fairu-endpoint.xyz,AVAILABILITY,origin.list,origin.list,2023-06-26 08:29:04.715909,707c9cb96dcd7a768d0c4515
fairu-schnellvpn.com,AVAILABILITY,origin.list,origin.list,2023-06-26 08:29:04.738656,707c9cb96dcd7a768d0c4515
fairu-schnellvpn.xyz,AVAILABILITY,origin.list,origin.list,2023-06-26 08:29:04.889886,707c9cb96dcd7a768d0c4515
eximbank.me,AVAILABILITY,origin.list,origin.list,2023-06-26 08:29:05.951031,707c9cb96dcd7a768d0c4515
fcccredit.com,AVAILABILITY,origin.list,origin.list,2023-06-26 08:29:07.256720,707c9cb96dcd7a768d0c4515
fbviet88.com,AVAILABILITY,origin.list,origin.list,2023-06-26 08:29:09.195930,707c9cb96dcd7a768d0c4515
fe-shop.cc,AVAILABILITY,origin.list,origin.list,2023-06-26 08:29:09.521922,707c9cb96dcd7a768d0c4515
fairu-blog.xyz,AVAILABILITY,origin.list,origin.list,2023-06-26 08:29:09.653076,707c9cb96dcd7a768d0c4515
fccomvn.com,AVAILABILITY,origin.list,origin.list,2023-06-26 08:29:13.605547,707c9cb96dcd7a768d0c4515
fd2.hmexchangecentre.com,AVAILABILITY,origin.list,origin.list,2023-06-26 08:29:15.330591,707c9cb96dcd7a768d0c4515
ff-garena-sukien.com,AVAILABILITY,origin.list,origin.list,2023-06-26 08:29:15.597047,707c9cb96dcd7a768d0c4515
fb88viet.com,AVAILABILITY,origin.list,origin.list,2023-06-26 08:29:16.183093,707c9cb96dcd7a768d0c4515
ff-garena-membershipff.com,AVAILABILITY,origin.list,origin.list,2023-06-26 08:29:20.483976,707c9cb96dcd7a768d0c4515
ff-garena-membership-2021.com,AVAILABILITY,origin.list,origin.list,2023-06-26 08:29:21.048243,707c9cb96dcd7a768d0c4515
ff-garena2021-membersship.com,AVAILABILITY,origin.list,origin.list,2023-06-26 08:29:23.984315,707c9cb96dcd7a768d0c4515
fe.lwcvn.com,AVAILABILITY,origin.list,origin.list,2023-06-26 08:29:25.049298,707c9cb96dcd7a768d0c4515
ff-garenamemberships.com,AVAILABILITY,origin.list,origin.list,2023-06-26 08:29:35.876398,707c9cb96dcd7a768d0c4515
ff-member-ganena.com,AVAILABILITY,origin.list,origin.list,2023-06-26 08:29:36.030311,707c9cb96dcd7a768d0c4515
ff-member-shippvn.com,AVAILABILITY,origin.list,origin.list,2023-06-26 08:29:37.200320,707c9cb96dcd7a768d0c4515
ff-garena-sukien.site,AVAILABILITY,origin.list,origin.list,2023-06-26 08:29:37.869966,707c9cb96dcd7a768d0c4515
ff-member-gazeza.com,AVAILABILITY,origin.list,origin.list,2023-06-26 08:29:42.207162,707c9cb96dcd7a768d0c4515
ff-memberrshipvn-garena.com,AVAILABILITY,origin.list,origin.list,2023-06-26 08:29:48.298391,707c9cb96dcd7a768d0c4515
ff-members-garena.vn,AVAILABILITY,origin.list,origin.list,2023-06-26 08:29:50.190728,707c9cb96dcd7a768d0c4515
ff-membershipp-garena.net,AVAILABILITY,origin.list,origin.list,2023-06-26 08:29:50.456263,707c9cb96dcd7a768d0c4515
ff-membership-garena.com,AVAILABILITY,origin.list,origin.list,2023-06-26 08:29:51.953143,707c9cb96dcd7a768d0c4515
ff-membership-grn.com,AVAILABILITY,origin.list,origin.list,2023-06-26 08:29:54.293273,707c9cb96dcd7a768d0c4515
ff-membership-garenal.ga,AVAILABILITY,origin.list,origin.list,2023-06-26 08:29:56.474443,707c9cb96dcd7a768d0c4515
ff-membership.shop,AVAILABILITY,origin.list,origin.list,2023-06-26 08:29:57.754628,707c9cb96dcd7a768d0c4515
ff-membershipz-garena.ga,AVAILABILITY,origin.list,origin.list,2023-06-26 08:30:01.258697,707c9cb96dcd7a768d0c4515
ff-membershipp.com,AVAILABILITY,origin.list,origin.list,2023-06-26 08:30:02.020358,707c9cb96dcd7a768d0c4515
ff-membersship-garrena.com,AVAILABILITY,origin.list,origin.list,2023-06-26 08:30:07.847387,707c9cb96dcd7a768d0c4515
ff-memnber-garena.com,AVAILABILITY,origin.list,origin.list,2023-06-26 08:30:10.903123,707c9cb96dcd7a768d0c4515
ff-membersshipp-garenaa.com,AVAILABILITY,origin.list,origin.list,2023-06-26 08:30:11.463126,707c9cb96dcd7a768d0c4515
ff-membeship.gairena.com,AVAILABILITY,origin.list,origin.list,2023-06-26 08:30:12.841589,707c9cb96dcd7a768d0c4515
ff-memberships-garena-vn.com,AVAILABILITY,origin.list,origin.list,2023-06-26 08:30:13.981859,707c9cb96dcd7a768d0c4515
ff-menbershipgarena.com,AVAILABILITY,origin.list,origin.list,2023-06-26 08:30:18.650241,707c9cb96dcd7a768d0c4515
ff.member.garenae.vn,AVAILABILITY,origin.list,origin.list,2023-06-26 08:30:22.822033,707c9cb96dcd7a768d0c4515
ffgarena-membeship.com,AVAILABILITY,origin.list,origin.list,2023-06-26 08:30:24.275436,707c9cb96dcd7a768d0c4515
ff-menber-garena.vn,AVAILABILITY,origin.list,origin.list,2023-06-26 08:30:29.431900,707c9cb96dcd7a768d0c4515
ffmemberrship-garena.com,AVAILABILITY,origin.list,origin.list,2023-06-26 08:30:34.769353,707c9cb96dcd7a768d0c4515
ffgarenavongquay.xyz,AVAILABILITY,origin.list,origin.list,2023-06-26 08:30:36.743129,707c9cb96dcd7a768d0c4515
ffmenbershipgarena.com,AVAILABILITY,origin.list,origin.list,2023-06-26 08:30:39.244456,707c9cb96dcd7a768d0c4515
ficonexchange.com,AVAILABILITY,origin.list,origin.list,2023-06-26 08:30:43.635600,707c9cb96dcd7a768d0c4515
ffmembershipggarena.com,AVAILABILITY,origin.list,origin.list,2023-06-26 08:30:44.516767,707c9cb96dcd7a768d0c4515
ffmenberzship-garena.com,AVAILABILITY,origin.list,origin.list,2023-06-26 08:30:44.758761,707c9cb96dcd7a768d0c4515
file-store2.xyz,AVAILABILITY,origin.list,origin.list,2023-06-26 08:30:44.920424,707c9cb96dcd7a768d0c4515
file-store4.xyz,AVAILABILITY,origin.list,origin.list,2023-06-26 08:30:45.184341,707c9cb96dcd7a768d0c4515
ffz-garena-membership.com,AVAILABILITY,origin.list,origin.list,2023-06-26 08:30:47.521093,707c9cb96dcd7a768d0c4515
findiphone.mobi,AVAILABILITY,origin.list,origin.list,2023-06-26 08:30:51.393810,707c9cb96dcd7a768d0c4515
filavietnamve.com,AVAILABILITY,origin.list,origin.list,2023-06-26 08:30:53.182310,707c9cb96dcd7a768d0c4515
first-vay.com,AVAILABILITY,origin.list,origin.list,2023-06-26 08:30:53.449217,707c9cb96dcd7a768d0c4515
finashope.com,AVAILABILITY,origin.list,origin.list,2023-06-26 08:30:54.444855,707c9cb96dcd7a768d0c4515
fhdd8431.com,AVAILABILITY,origin.list,origin.list,2023-06-26 08:30:54.579152,707c9cb96dcd7a768d0c4515
finshope.com,AVAILABILITY,origin.list,origin.list,2023-06-26 08:30:57.876797,707c9cb96dcd7a768d0c4515
findprizesplace.life,AVAILABILITY,origin.list,origin.list,2023-06-26 08:30:59.673189,707c9cb96dcd7a768d0c4515
fortt-rade.com,AVAILABILITY,origin.list,origin.list,2023-06-26 08:30:59.911502,707c9cb96dcd7a768d0c4515
fmagnitude.cfd,AVAILABILITY,origin.list,origin.list,2023-06-26 08:31:05.243551,707c9cb96dcd7a768d0c4515
fmiphone-apple.com,AVAILABILITY,origin.list,origin.list,2023-06-26 08:31:06.013485,707c9cb96dcd7a768d0c4515
fpttrolynhansu.one,AVAILABILITY,origin.list,origin.list,2023-06-26 08:31:06.420559,707c9cb96dcd7a768d0c4515
flashmovingsmoney-online.weebly.com,AVAILABILITY,origin.list,origin.list,2023-06-26 08:31:07.482231,707c9cb96dcd7a768d0c4515
fpttrolynhansu.store,AVAILABILITY,origin.list,origin.list,2023-06-26 08:31:12.178476,707c9cb96dcd7a768d0c4515
fr1211022010eur.click,AVAILABILITY,origin.list,origin.list,2023-06-26 08:31:15.111766,707c9cb96dcd7a768d0c4515
fpttrolynhansu.online,AVAILABILITY,origin.list,origin.list,2023-06-26 08:31:17.997603,707c9cb96dcd7a768d0c4515
fr121102201eur.click,AVAILABILITY,origin.list,origin.list,2023-06-26 08:31:22.668459,707c9cb96dcd7a768d0c4515
fr121102209eur.click,AVAILABILITY,origin.list,origin.list,2023-06-26 08:31:32.415688,707c9cb96dcd7a768d0c4515
fr121102208eur.click,AVAILABILITY,origin.list,origin.list,2023-06-26 08:31:34.219868,707c9cb96dcd7a768d0c4515
fr131102202eur.click,AVAILABILITY,origin.list,origin.list,2023-06-26 08:31:35.175739,707c9cb96dcd7a768d0c4515
fr121102207.click,AVAILABILITY,origin.list,origin.list,2023-06-26 08:31:36.369687,707c9cb96dcd7a768d0c4515
fr131102205eur.click,AVAILABILITY,origin.list,origin.list,2023-06-26 08:31:46.782410,707c9cb96dcd7a768d0c4515
fr131102203eur.click,AVAILABILITY,origin.list,origin.list,2023-06-26 08:31:46.997197,707c9cb96dcd7a768d0c4515
fr131102206aced.click,AVAILABILITY,origin.list,origin.list,2023-06-26 08:31:47.375371,707c9cb96dcd7a768d0c4515
fr131102204eur.click,AVAILABILITY,origin.list,origin.list,2023-06-26 08:31:47.923277,707c9cb96dcd7a768d0c4515
fr191102203eura.click,AVAILABILITY,origin.list,origin.list,2023-06-26 08:31:59.793970,707c9cb96dcd7a768d0c4515
fr191102204eura.click,AVAILABILITY,origin.list,origin.list,2023-06-26 08:32:01.515356,707c9cb96dcd7a768d0c4515
foreovietnam.me,AVAILABILITY,origin.list,origin.list,2023-06-26 08:32:05.517566,707c9cb96dcd7a768d0c4515
free.sc0mvn.com,AVAILABILITY,origin.list,origin.list,2023-06-26 08:32:08.527617,707c9cb96dcd7a768d0c4515
free-fire.shop,AVAILABILITY,origin.list,origin.list,2023-06-26 08:32:13.245310,707c9cb96dcd7a768d0c4515
freefire-vietnam.com,AVAILABILITY,origin.list,origin.list,2023-06-26 08:32:22.231811,707c9cb96dcd7a768d0c4515
freefire-membershipvn-garena.com,AVAILABILITY,origin.list,origin.list,2023-06-26 08:32:24.200621,707c9cb96dcd7a768d0c4515
freefire-membershipp-garena.com,AVAILABILITY,origin.list,origin.list,2023-06-26 08:32:28.347385,707c9cb96dcd7a768d0c4515
freefire-membershipp-vn.com,AVAILABILITY,origin.list,origin.list,2023-06-26 08:32:28.448458,707c9cb96dcd7a768d0c4515
freefire-garena-membership.tk,AVAILABILITY,origin.list,origin.list,2023-06-26 08:32:30.363012,707c9cb96dcd7a768d0c4515
freefirehopqua.com,AVAILABILITY,origin.list,origin.list,2023-06-26 08:32:34.906461,707c9cb96dcd7a768d0c4515
freefirenhanqua.com,AVAILABILITY,origin.list,origin.list,2023-06-26 08:32:39.902594,707c9cb96dcd7a768d0c4515
freefiremembership-garenas.com,AVAILABILITY,origin.list,origin.list,2023-06-26 08:32:43.830428,707c9cb96dcd7a768d0c4515
freefiremembershipq.com,AVAILABILITY,origin.list,origin.list,2023-06-26 08:32:54.825207,707c9cb96dcd7a768d0c4515
freepccrack.com,AVAILABILITY,origin.list,origin.list,2023-06-26 08:32:56.556088,707c9cb96dcd7a768d0c4515
freefiremenbershipvn.com,AVAILABILITY,origin.list,origin.list,2023-06-26 08:32:56.632533,707c9cb96dcd7a768d0c4515
frionene.xyz,AVAILABILITY,origin.list,origin.list,2023-06-26 08:33:06.045078,707c9cb96dcd7a768d0c4515
freefirervmembership.com,AVAILABILITY,origin.list,origin.list,2023-06-26 08:33:09.757767,707c9cb96dcd7a768d0c4515
freemoney.pro,AVAILABILITY,origin.list,origin.list,2023-06-26 08:33:13.153471,707c9cb96dcd7a768d0c4515
fstmoney.xyz,AVAILABILITY,origin.list,origin.list,2023-06-26 08:33:14.674511,707c9cb96dcd7a768d0c4515
freelienquan2021.com,AVAILABILITY,origin.list,origin.list,2023-06-26 08:33:22.967101,707c9cb96dcd7a768d0c4515
fuconap.vip,AVAILABILITY,origin.list,origin.list,2023-06-26 08:33:23.897145,707c9cb96dcd7a768d0c4515
ftpshopvn.com,AVAILABILITY,origin.list,origin.list,2023-06-26 08:33:25.696295,707c9cb96dcd7a768d0c4515
fullcrack4u.com,AVAILABILITY,origin.list,origin.list,2023-06-26 08:33:32.989687,707c9cb96dcd7a768d0c4515
fullcrackedz.com,AVAILABILITY,origin.list,origin.list,2023-06-26 08:33:33.369688,707c9cb96dcd7a768d0c4515
ftpshop.com.vn,AVAILABILITY,origin.list,origin.list,2023-06-26 08:33:35.495109,707c9cb96dcd7a768d0c4515
fxshopeevip99.com,AVAILABILITY,origin.list,origin.list,2023-06-26 08:33:40.467706,707c9cb96dcd7a768d0c4515
fvpvietnam.com,AVAILABILITY,origin.list,origin.list,2023-06-26 08:33:41.771988,707c9cb96dcd7a768d0c4515
fussboden-elsenhans.de,AVAILABILITY,origin.list,origin.list,2023-06-26 08:33:43.857999,707c9cb96dcd7a768d0c4515
fullofactivishop.com,AVAILABILITY,origin.list,origin.list,2023-06-26 08:33:44.187247,707c9cb96dcd7a768d0c4515
gaerena.vn,AVAILABILITY,origin.list,origin.list,2023-06-26 08:33:46.410429,707c9cb96dcd7a768d0c4515
gamebaidoithuong2021.com,AVAILABILITY,origin.list,origin.list,2023-06-26 08:33:51.487973,707c9cb96dcd7a768d0c4515
gamedoithuong.vip,AVAILABILITY,origin.list,origin.list,2023-06-26 08:33:57.210968,707c9cb96dcd7a768d0c4515
gameover-shop.de,AVAILABILITY,origin.list,origin.list,2023-06-26 08:33:58.819330,707c9cb96dcd7a768d0c4515
gameshopvn.com,AVAILABILITY,origin.list,origin.list,2023-06-26 08:33:59.612766,707c9cb96dcd7a768d0c4515
gameshopvn.net,AVAILABILITY,origin.list,origin.list,2023-06-26 08:34:01.242778,707c9cb96dcd7a768d0c4515
garean.vn,AVAILABILITY,origin.list,origin.list,2023-06-26 08:34:04.216026,707c9cb96dcd7a768d0c4515
garane.vn,AVAILABILITY,origin.list,origin.list,2023-06-26 08:34:07.246037,707c9cb96dcd7a768d0c4515
garena-ff.membershipsvn.com,AVAILABILITY,origin.list,origin.list,2023-06-26 08:34:11.039585,707c9cb96dcd7a768d0c4515
gareena.vn,AVAILABILITY,origin.list,origin.list,2023-06-26 08:34:15.715805,707c9cb96dcd7a768d0c4515
garena-ff-membershipvn.com,AVAILABILITY,origin.list,origin.list,2023-06-26 08:34:17.141063,707c9cb96dcd7a768d0c4515
gamevnshop.com,AVAILABILITY,origin.list,origin.list,2023-06-26 08:34:18.179579,707c9cb96dcd7a768d0c4515
garaena.vn,AVAILABILITY,origin.list,origin.list,2023-06-26 08:34:19.052353,707c9cb96dcd7a768d0c4515
garena-ffmenbership.com,AVAILABILITY,origin.list,origin.list,2023-06-26 08:34:19.153284,707c9cb96dcd7a768d0c4515
garena-membership-aov.com,AVAILABILITY,origin.list,origin.list,2023-06-26 08:34:19.420937,707c9cb96dcd7a768d0c4515
garena-membership.com,AVAILABILITY,origin.list,origin.list,2023-06-26 08:34:19.654455,707c9cb96dcd7a768d0c4515
garena-membership.site,AVAILABILITY,origin.list,origin.list,2023-06-26 08:34:20.968608,707c9cb96dcd7a768d0c4515
garena-lienquanvn-giftcode.com,AVAILABILITY,origin.list,origin.list,2023-06-26 08:34:24.397979,707c9cb96dcd7a768d0c4515
garena-members.com,AVAILABILITY,origin.list,origin.list,2023-06-26 08:34:26.736979,707c9cb96dcd7a768d0c4515
garena-lienquanmobile-vn.com,AVAILABILITY,origin.list,origin.list,2023-06-26 08:34:27.823587,707c9cb96dcd7a768d0c4515
garena-membershipffvn.com,AVAILABILITY,origin.list,origin.list,2023-06-26 08:34:28.694391,707c9cb96dcd7a768d0c4515
garena-freefire-memberships.com,AVAILABILITY,origin.list,origin.list,2023-06-26 08:34:29.527293,707c9cb96dcd7a768d0c4515
garena-membershippvn.com,AVAILABILITY,origin.list,origin.list,2023-06-26 08:34:39.326174,707c9cb96dcd7a768d0c4515
garena-membershipp.online,AVAILABILITY,origin.list,origin.list,2023-06-26 08:34:41.451079,707c9cb96dcd7a768d0c4515
garena-sukien-codegiftlqmb.com,AVAILABILITY,origin.list,origin.list,2023-06-26 08:34:45.936856,707c9cb96dcd7a768d0c4515
garena-menberships.com,AVAILABILITY,origin.list,origin.list,2023-06-26 08:34:47.242499,707c9cb96dcd7a768d0c4515
garena.mobi,AVAILABILITY,origin.list,origin.list,2023-06-26 08:34:48.644689,707c9cb96dcd7a768d0c4515
garena-sukien-skinsss.com,AVAILABILITY,origin.list,origin.list,2023-06-26 08:34:50.142763,707c9cb96dcd7a768d0c4515
garena.fan,AVAILABILITY,origin.list,origin.list,2023-06-26 08:34:53.080256,707c9cb96dcd7a768d0c4515
garenaa.vn,AVAILABILITY,origin.list,origin.list,2023-06-26 08:34:53.854176,707c9cb96dcd7a768d0c4515
garena.xacminhtaikhoan-vn.com,AVAILABILITY,origin.list,origin.list,2023-06-26 08:34:53.893056,707c9cb96dcd7a768d0c4515
garenaffmembershipvn2021.com,AVAILABILITY,origin.list,origin.list,2023-06-26 08:35:00.627796,707c9cb96dcd7a768d0c4515
garenaamembeship.com,AVAILABILITY,origin.list,origin.list,2023-06-26 08:35:01.472117,707c9cb96dcd7a768d0c4515
garenafreefiremembership-2021.com,AVAILABILITY,origin.list,origin.list,2023-06-26 08:35:06.237764,707c9cb96dcd7a768d0c4515
garenafreefire-membership.com,AVAILABILITY,origin.list,origin.list,2023-06-26 08:35:13.178061,707c9cb96dcd7a768d0c4515
garenaffmembeships.com,AVAILABILITY,origin.list,origin.list,2023-06-26 08:35:18.841110,707c9cb96dcd7a768d0c4515
garenafreefire-memberrship.com,AVAILABILITY,origin.list,origin.list,2023-06-26 08:35:18.913100,707c9cb96dcd7a768d0c4515
garenaamenbeship.com,AVAILABILITY,origin.list,origin.list,2023-06-26 08:35:21.982965,707c9cb96dcd7a768d0c4515
garenafreefiremembership2021.ga,AVAILABILITY,origin.list,origin.list,2023-06-26 08:35:23.174577,707c9cb96dcd7a768d0c4515
garenalqm.com,AVAILABILITY,origin.list,origin.list,2023-06-26 08:35:24.826682,707c9cb96dcd7a768d0c4515
garenalienquanvn.com,AVAILABILITY,origin.list,origin.list,2023-06-26 08:35:27.224867,707c9cb96dcd7a768d0c4515
garenalienquan-chuoisukienhe.com,AVAILABILITY,origin.list,origin.list,2023-06-26 08:35:30.184930,707c9cb96dcd7a768d0c4515
garenamembership.com,AVAILABILITY,origin.list,origin.list,2023-06-26 08:35:35.674098,707c9cb96dcd7a768d0c4515
garenamembership.asia,AVAILABILITY,origin.list,origin.list,2023-06-26 08:35:40.209400,707c9cb96dcd7a768d0c4515
garenaj.vn,AVAILABILITY,origin.list,origin.list,2023-06-26 08:35:43.990943,707c9cb96dcd7a768d0c4515
garenafreefirevietnam2021.com,AVAILABILITY,origin.list,origin.list,2023-06-26 08:35:44.617481,707c9cb96dcd7a768d0c4515
garenamembership.ga,AVAILABILITY,origin.list,origin.list,2023-06-26 08:35:45.868771,707c9cb96dcd7a768d0c4515
garenamembership.top,AVAILABILITY,origin.list,origin.list,2023-06-26 08:35:55.333548,707c9cb96dcd7a768d0c4515
garenamembershipff2021.com,AVAILABILITY,origin.list,origin.list,2023-06-26 08:35:57.028159,707c9cb96dcd7a768d0c4515
garenamemnbership.com,AVAILABILITY,origin.list,origin.list,2023-06-26 08:36:01.953123,707c9cb96dcd7a768d0c4515
garenanhanqua.com,AVAILABILITY,origin.list,origin.list,2023-06-26 08:36:02.629041,707c9cb96dcd7a768d0c4515
garenamembersship2021.com,AVAILABILITY,origin.list,origin.list,2023-06-26 08:36:05.582451,707c9cb96dcd7a768d0c4515
garenasukienff.com,AVAILABILITY,origin.list,origin.list,2023-06-26 08:36:07.574299,707c9cb96dcd7a768d0c4515
gbcloudbank.com,AVAILABILITY,origin.list,origin.list,2023-06-26 08:36:11.671117,707c9cb96dcd7a768d0c4515
garenamembershippvn.com,AVAILABILITY,origin.list,origin.list,2023-06-26 08:36:16.632683,707c9cb96dcd7a768d0c4515
gbuy.shop,AVAILABILITY,origin.list,origin.list,2023-06-26 08:36:17.169877,707c9cb96dcd7a768d0c4515
garrenamembershipp.com,AVAILABILITY,origin.list,origin.list,2023-06-26 08:36:27.184921,707c9cb96dcd7a768d0c4515
garenaprize.click,AVAILABILITY,origin.list,origin.list,2023-06-26 08:36:27.666325,707c9cb96dcd7a768d0c4515
gayleesinshop.com,AVAILABILITY,origin.list,origin.list,2023-06-26 08:36:28.503865,707c9cb96dcd7a768d0c4515
gdriveshop.com,AVAILABILITY,origin.list,origin.list,2023-06-26 08:36:38.430131,707c9cb96dcd7a768d0c4515
gcaothushop.net,AVAILABILITY,origin.list,origin.list,2023-06-26 08:36:43.157936,707c9cb96dcd7a768d0c4515
getmacos.org,AVAILABILITY,origin.list,origin.list,2023-06-26 08:36:45.029610,707c9cb96dcd7a768d0c4515
getclipabcxyz.com,AVAILABILITY,origin.list,origin.list,2023-06-26 08:36:47.167339,707c9cb96dcd7a768d0c4515
getintopc.digital,AVAILABILITY,origin.list,origin.list,2023-06-26 08:36:47.817149,707c9cb96dcd7a768d0c4515
gdviettelpay.weebly.com,AVAILABILITY,origin.list,origin.list,2023-06-26 08:36:49.017259,707c9cb96dcd7a768d0c4515
ggzzmm.shop,AVAILABILITY,origin.list,origin.list,2023-06-26 08:36:54.186952,707c9cb96dcd7a768d0c4515
getwindowsactivator.info,AVAILABILITY,origin.list,origin.list,2023-06-26 08:36:58.378088,707c9cb96dcd7a768d0c4515
giaiviet259.com,AVAILABILITY,origin.list,origin.list,2023-06-26 08:37:00.283275,707c9cb96dcd7a768d0c4515
giaodich-quetthetindung.com,AVAILABILITY,origin.list,origin.list,2023-06-26 08:37:00.517022,707c9cb96dcd7a768d0c4515
giaodich-quetthetindungvn.com,AVAILABILITY,origin.list,origin.list,2023-06-26 08:37:00.751382,707c9cb96dcd7a768d0c4515
giainganonline799.com,AVAILABILITY,origin.list,origin.list,2023-06-26 08:37:05.167742,707c9cb96dcd7a768d0c4515
giaitrimomo.net,AVAILABILITY,origin.list,origin.list,2023-06-26 08:37:05.339611,707c9cb96dcd7a768d0c4515
giaodichquettindungpos247-online.com,AVAILABILITY,origin.list,origin.list,2023-06-26 08:37:05.608568,707c9cb96dcd7a768d0c4515
giaingan799.com,AVAILABILITY,origin.list,origin.list,2023-06-26 08:37:05.803966,707c9cb96dcd7a768d0c4515
giaodichquettindungvn-online.com,AVAILABILITY,origin.list,origin.list,2023-06-26 08:37:05.880256,707c9cb96dcd7a768d0c4515
giaithuongviet457.com,AVAILABILITY,origin.list,origin.list,2023-06-26 08:37:13.281709,707c9cb96dcd7a768d0c4515
giaodichpostructuyenvn.com,AVAILABILITY,origin.list,origin.list,2023-06-26 08:37:15.824744,707c9cb96dcd7a768d0c4515
giaodichphieurutienmposvn.com,AVAILABILITY,origin.list,origin.list,2023-06-26 08:37:18.711903,707c9cb96dcd7a768d0c4515
giaodichtiente247ipay.weebly.com,AVAILABILITY,origin.list,origin.list,2023-06-26 08:37:20.146747,707c9cb96dcd7a768d0c4515
giaodichquocte-wumoney365.weebly.com,AVAILABILITY,origin.list,origin.list,2023-06-26 08:37:21.263280,707c9cb96dcd7a768d0c4515
giftbangbangtank.weebly.com,AVAILABILITY,origin.list,origin.list,2023-06-26 08:37:33.045989,707c9cb96dcd7a768d0c4515
gifcode-lienquan.com,AVAILABILITY,origin.list,origin.list,2023-06-26 08:37:39.126677,707c9cb96dcd7a768d0c4515
giftcode-garenavn-sukienlqmb.com,AVAILABILITY,origin.list,origin.list,2023-06-26 08:37:39.398671,707c9cb96dcd7a768d0c4515
giftcode-lienquan-vn.com,AVAILABILITY,origin.list,origin.list,2023-06-26 08:37:39.667212,707c9cb96dcd7a768d0c4515
giftcode-lienquanmobile-vn.com,AVAILABILITY,origin.list,origin.list,2023-06-26 08:37:39.900953,707c9cb96dcd7a768d0c4515
giaothuongvietnhat.org,AVAILABILITY,origin.list,origin.list,2023-06-26 08:37:46.760678,707c9cb96dcd7a768d0c4515
giftcode-17thang8-lienquan-garena.ga,AVAILABILITY,origin.list,origin.list,2023-06-26 08:37:47.784114,707c9cb96dcd7a768d0c4515
giftcode-garena-lienquan.com,AVAILABILITY,origin.list,origin.list,2023-06-26 08:37:52.283575,707c9cb96dcd7a768d0c4515
giongcatrienvong-gionghatvietnhi-mua3.weebly.com,AVAILABILITY,origin.list,origin.list,2023-06-26 08:37:55.706226,707c9cb96dcd7a768d0c4515
giaodichvidientu.com.vn,AVAILABILITY,origin.list,origin.list,2023-06-26 08:37:57.270154,707c9cb96dcd7a768d0c4515
giftcode-mobilelienquan.com,AVAILABILITY,origin.list,origin.list,2023-06-26 08:38:01.433399,707c9cb96dcd7a768d0c4515
giftcode-sukienaov.com,AVAILABILITY,origin.list,origin.list,2023-06-26 08:38:09.605153,707c9cb96dcd7a768d0c4515
gionghatvietnhi-mua01-nam2022.weebly.com,AVAILABILITY,origin.list,origin.list,2023-06-26 08:38:12.372747,707c9cb96dcd7a768d0c4515
gionghatvietnhi2022-thevoicekids.weebly.com,AVAILABILITY,origin.list,origin.list,2023-06-26 08:38:15.359734,707c9cb96dcd7a768d0c4515
gionghatvietnhi.online,AVAILABILITY,origin.list,origin.list,2023-06-26 08:38:20.971875,707c9cb96dcd7a768d0c4515
gionghatvietnhinew.weebly.com,AVAILABILITY,origin.list,origin.list,2023-06-26 08:38:24.297412,707c9cb96dcd7a768d0c4515
gionghatviet2021nhi.weebly.com,AVAILABILITY,origin.list,origin.list,2023-06-26 08:38:26.727977,707c9cb96dcd7a768d0c4515
gionghatvietnhinam.weebly.com,AVAILABILITY,origin.list,origin.list,2023-06-26 08:38:27.403748,707c9cb96dcd7a768d0c4515
globalshopping.website,AVAILABILITY,origin.list,origin.list,2023-06-26 08:38:32.058640,707c9cb96dcd7a768d0c4515
giovangvn999.com,AVAILABILITY,origin.list,origin.list,2023-06-26 08:38:33.438805,707c9cb96dcd7a768d0c4515
gionghatvietnhithisinh2021.weebly.com,AVAILABILITY,origin.list,origin.list,2023-06-26 08:38:37.911317,707c9cb96dcd7a768d0c4515
gionghatvietnhll2021.weebly.com,AVAILABILITY,origin.list,origin.list,2023-06-26 08:38:42.831108,707c9cb96dcd7a768d0c4515
go888.me,AVAILABILITY,origin.list,origin.list,2023-06-26 08:38:43.885463,707c9cb96dcd7a768d0c4515
go88vn.shop,AVAILABILITY,origin.list,origin.list,2023-06-26 08:38:47.480657,707c9cb96dcd7a768d0c4515
goalonapp.com,AVAILABILITY,origin.list,origin.list,2023-06-26 08:38:48.843594,707c9cb96dcd7a768d0c4515
goshop.vin,AVAILABILITY,origin.list,origin.list,2023-06-26 08:38:51.396657,707c9cb96dcd7a768d0c4515
goshopbackvip.vip,AVAILABILITY,origin.list,origin.list,2023-06-26 08:38:52.281866,707c9cb96dcd7a768d0c4515
gionghatvietnhivietnam2022.weebly.com,AVAILABILITY,origin.list,origin.list,2023-06-26 08:38:54.980710,707c9cb96dcd7a768d0c4515
goshopee.cc,AVAILABILITY,origin.list,origin.list,2023-06-26 08:38:58.049117,707c9cb96dcd7a768d0c4515
goshopback.vip,AVAILABILITY,origin.list,origin.list,2023-06-26 08:38:59.204238,707c9cb96dcd7a768d0c4515
goshopee.club,AVAILABILITY,origin.list,origin.list,2023-06-26 08:39:00.782123,707c9cb96dcd7a768d0c4515
gpay-mpos-ruttientindung.com,AVAILABILITY,origin.list,origin.list,2023-06-26 08:39:01.015999,707c9cb96dcd7a768d0c4515
goshopee.vip,AVAILABILITY,origin.list,origin.list,2023-06-26 08:39:01.118020,707c9cb96dcd7a768d0c4515
gpay247-mp0s-quetthetindung.com,AVAILABILITY,origin.list,origin.list,2023-06-26 08:39:01.284433,707c9cb96dcd7a768d0c4515
goshopee.net,AVAILABILITY,origin.list,origin.list,2023-06-26 08:39:05.482738,707c9cb96dcd7a768d0c4515
goshop2018.com,AVAILABILITY,origin.list,origin.list,2023-06-26 08:39:09.931380,707c9cb96dcd7a768d0c4515
greenvay8.com,AVAILABILITY,origin.list,origin.list,2023-06-26 08:39:15.598426,707c9cb96dcd7a768d0c4515
gplxgovn.vn,AVAILABILITY,origin.list,origin.list,2023-06-26 08:39:16.285007,707c9cb96dcd7a768d0c4515
greatvay.xyz,AVAILABILITY,origin.list,origin.list,2023-06-26 08:39:17.634299,707c9cb96dcd7a768d0c4515
goplay88.me,AVAILABILITY,origin.list,origin.list,2023-06-26 08:39:25.326818,707c9cb96dcd7a768d0c4515
grn-membershipff.com,AVAILABILITY,origin.list,origin.list,2023-06-26 08:39:26.584109,707c9cb96dcd7a768d0c4515
grn-memberships2021.com,AVAILABILITY,origin.list,origin.list,2023-06-26 08:39:28.031932,707c9cb96dcd7a768d0c4515
growthtransport.com,AVAILABILITY,origin.list,origin.list,2023-06-26 08:39:29.922078,707c9cb96dcd7a768d0c4515
grn-memberships.com,AVAILABILITY,origin.list,origin.list,2023-06-26 08:39:33.595786,707c9cb96dcd7a768d0c4515
gzdpae.cyou,AVAILABILITY,origin.list,origin.list,2023-06-26 08:39:36.096980,707c9cb96dcd7a768d0c4515
gta5moneygen.online,AVAILABILITY,origin.list,origin.list,2023-06-26 08:39:37.286137,707c9cb96dcd7a768d0c4515
gs360.shop,AVAILABILITY,origin.list,origin.list,2023-06-26 08:39:41.370771,707c9cb96dcd7a768d0c4515
h49vnk.cyou,AVAILABILITY,origin.list,origin.list,2023-06-26 08:39:43.212515,707c9cb96dcd7a768d0c4515
h092021u.click,AVAILABILITY,origin.list,origin.list,2023-06-26 08:39:45.132659,707c9cb96dcd7a768d0c4515
h5.diamondwallet.online,AVAILABILITY,origin.list,origin.list,2023-06-26 08:39:59.940347,707c9cb96dcd7a768d0c4515
h5.tocdovn.com,AVAILABILITY,origin.list,origin.list,2023-06-26 08:40:01.208185,707c9cb96dcd7a768d0c4515
gt091102204euc.click,AVAILABILITY,origin.list,origin.list,2023-06-26 08:40:01.363969,707c9cb96dcd7a768d0c4515
h51.carpcredits.com,AVAILABILITY,origin.list,origin.list,2023-06-26 08:40:14.618730,707c9cb96dcd7a768d0c4515
h5.tocdovnm.com,AVAILABILITY,origin.list,origin.list,2023-06-26 08:40:21.057153,707c9cb96dcd7a768d0c4515
hacktaikhoanfacebook.com,AVAILABILITY,origin.list,origin.list,2023-06-26 08:40:22.661618,707c9cb96dcd7a768d0c4515
hamoney.xyz,AVAILABILITY,origin.list,origin.list,2023-06-26 08:40:24.378653,707c9cb96dcd7a768d0c4515
hackgamemienphi.com,AVAILABILITY,origin.list,origin.list,2023-06-26 08:40:24.944965,707c9cb96dcd7a768d0c4515
halovay.com,AVAILABILITY,origin.list,origin.list,2023-06-26 08:40:33.493103,707c9cb96dcd7a768d0c4515
haitacshopgame.com,AVAILABILITY,origin.list,origin.list,2023-06-26 08:40:39.616334,707c9cb96dcd7a768d0c4515
hacktaikhoan.com,AVAILABILITY,origin.list,origin.list,2023-06-26 08:40:40.017986,707c9cb96dcd7a768d0c4515
hdbankfinancc.digital,AVAILABILITY,origin.list,origin.list,2023-06-26 08:40:45.060047,707c9cb96dcd7a768d0c4515
hbpnnz.cyou,AVAILABILITY,origin.list,origin.list,2023-06-26 08:40:48.371484,707c9cb96dcd7a768d0c4515
hdbankfinancc.space,AVAILABILITY,origin.list,origin.list,2023-06-26 08:40:49.690043,707c9cb96dcd7a768d0c4515
hangairsoft.com,AVAILABILITY,origin.list,origin.list,2023-06-26 08:40:50.273192,707c9cb96dcd7a768d0c4515
hdbankcareer.com,AVAILABILITY,origin.list,origin.list,2023-06-26 08:40:50.800032,707c9cb96dcd7a768d0c4515
hanghaiqt.com,AVAILABILITY,origin.list,origin.list,2023-06-26 08:40:54.744261,707c9cb96dcd7a768d0c4515
hdbankfinancc.website,AVAILABILITY,origin.list,origin.list,2023-06-26 08:40:59.883350,707c9cb96dcd7a768d0c4515
hdbankfinancc.icu,AVAILABILITY,origin.list,origin.list,2023-06-26 08:41:02.167590,707c9cb96dcd7a768d0c4515
hdbankfinance.agency,AVAILABILITY,origin.list,origin.list,2023-06-26 08:41:06.900143,707c9cb96dcd7a768d0c4515
hdbankfinancc.xyz,AVAILABILITY,origin.list,origin.list,2023-06-26 08:41:06.932690,707c9cb96dcd7a768d0c4515
hdbankfinancc.top,AVAILABILITY,origin.list,origin.list,2023-06-26 08:41:07.090425,707c9cb96dcd7a768d0c4515
hdbankfinance.org,AVAILABILITY,origin.list,origin.list,2023-06-26 08:41:13.550104,707c9cb96dcd7a768d0c4515
hdbankfinance.club,AVAILABILITY,origin.list,origin.list,2023-06-26 08:41:13.761517,707c9cb96dcd7a768d0c4515
hdbankfinance.live,AVAILABILITY,origin.list,origin.list,2023-06-26 08:41:16.377622,707c9cb96dcd7a768d0c4515
hdbankfinance.cyou,AVAILABILITY,origin.list,origin.list,2023-06-26 08:41:19.352007,707c9cb96dcd7a768d0c4515
hdbankfinance.shop,AVAILABILITY,origin.list,origin.list,2023-06-26 08:41:21.381850,707c9cb96dcd7a768d0c4515
hdbankfinance.space,AVAILABILITY,origin.list,origin.list,2023-06-26 08:41:23.196000,707c9cb96dcd7a768d0c4515
hdbankfinance.icu,AVAILABILITY,origin.list,origin.list,2023-06-26 08:41:27.340271,707c9cb96dcd7a768d0c4515
hdbankfinance.website,AVAILABILITY,origin.list,origin.list,2023-06-26 08:41:28.180188,707c9cb96dcd7a768d0c4515
hdbankfinance.world,AVAILABILITY,origin.list,origin.list,2023-06-26 08:41:28.321037,707c9cb96dcd7a768d0c4515
hdbanks.com,AVAILABILITY,origin.list,origin.list,2023-06-26 08:41:30.557406,707c9cb96dcd7a768d0c4515
hdbankfinance.xyz,AVAILABILITY,origin.list,origin.list,2023-06-26 08:41:30.613283,707c9cb96dcd7a768d0c4515
hdsaison-vn.com,AVAILABILITY,origin.list,origin.list,2023-06-26 08:41:30.792282,707c9cb96dcd7a768d0c4515
hdsaisonvn.com,AVAILABILITY,origin.list,origin.list,2023-06-26 08:41:32.635896,707c9cb96dcd7a768d0c4515
hdcreditvnn.com,AVAILABILITY,origin.list,origin.list,2023-06-26 08:41:34.966765,707c9cb96dcd7a768d0c4515
helandsca.cfd,AVAILABILITY,origin.list,origin.list,2023-06-26 08:41:35.154766,707c9cb96dcd7a768d0c4515
heirreplacem.cfd,AVAILABILITY,origin.list,origin.list,2023-06-26 08:41:37.716365,707c9cb96dcd7a768d0c4515
hdbankfinance.win,AVAILABILITY,origin.list,origin.list,2023-06-26 08:41:40.290811,707c9cb96dcd7a768d0c4515
hdbankfinance.top,AVAILABILITY,origin.list,origin.list,2023-06-26 08:41:41.015439,707c9cb96dcd7a768d0c4515
herihed.cfd,AVAILABILITY,origin.list,origin.list,2023-06-26 08:41:41.691311,707c9cb96dcd7a768d0c4515
hethongviet99.com,AVAILABILITY,origin.list,origin.list,2023-06-26 08:41:45.010657,707c9cb96dcd7a768d0c4515
hethonggiaodichvidientu247.com,AVAILABILITY,origin.list,origin.list,2023-06-26 08:41:49.185057,707c9cb96dcd7a768d0c4515
hi-go.shop,AVAILABILITY,origin.list,origin.list,2023-06-26 08:41:49.815507,707c9cb96dcd7a768d0c4515
hethongquatang.vn,AVAILABILITY,origin.list,origin.list,2023-06-26 08:41:52.806696,707c9cb96dcd7a768d0c4515
hethongbank24h.com,AVAILABILITY,origin.list,origin.list,2023-06-26 08:41:57.597674,707c9cb96dcd7a768d0c4515
hhwd68.com,AVAILABILITY,origin.list,origin.list,2023-06-26 08:42:00.536074,707c9cb96dcd7a768d0c4515
hihashop.com,AVAILABILITY,origin.list,origin.list,2023-06-26 08:42:02.779337,707c9cb96dcd7a768d0c4515
hethongbank.com,AVAILABILITY,origin.list,origin.list,2023-06-26 08:42:03.330748,707c9cb96dcd7a768d0c4515
hlviet84.com,AVAILABILITY,origin.list,origin.list,2023-06-26 08:42:05.583675,707c9cb96dcd7a768d0c4515
hitiens.com,AVAILABILITY,origin.list,origin.list,2023-06-26 08:42:11.813617,707c9cb96dcd7a768d0c4515
hoangkim1.org,AVAILABILITY,origin.list,origin.list,2023-06-26 08:42:18.082894,707c9cb96dcd7a768d0c4515
