idna_subject,checker_type,destination,tested_at
onlinebank-shopee.vn,AVAILABILITY,origin.list,2023-04-11 05:52:39.663679
nhantienvivnpay.com,AVAILABILITY,origin.list,2023-04-11 05:52:39.758200
quatang-lienquan-garena.vn,AVAILABILITY,origin.list,2023-04-11 05:52:39.957049
nhantienquocte.today,AVAILABILITY,origin.list,2023-04-11 05:52:45.032601
quatang-sinhnhat.vn,AVAILABILITY,origin.list,2023-04-11 05:56:16.880846
shinhanbank-khcn.com,AVAILABILITY,origin.list,2023-04-11 05:56:16.941750
seabank-nganhanghanoi.com,AVAILABILITY,origin.list,2023-04-11 05:56:17.098416
quatangfreefirehot.com,AVAILABILITY,origin.list,2023-04-11 05:56:17.131860
quamembergarena.com,AVAILABILITY,origin.list,2023-04-11 05:56:17.232015
quatangtrianff.com,AVAILABILITY,origin.list,2023-04-11 05:56:17.779365
shinhanbank-tindunghanoi.online,AVAILABILITY,origin.list,2023-04-11 05:56:17.805335
riotgame-khoataikhoan-vn.xyz,AVAILABILITY,origin.list,2023-04-11 05:56:18.129413
phukienmaxpro.store,AVAILABILITY,origin.list,2023-04-11 05:56:18.389082
nikdaoquan.vn,AVAILABILITY,origin.list,2023-04-11 05:56:18.432705
quatriangarenavn.com,AVAILABILITY,origin.list,2023-04-11 05:56:18.537637
quaviet01vn.com,AVAILABILITY,origin.list,2023-04-11 05:56:18.626940
popvietnam.xyz,AVAILABILITY,origin.list,2023-04-11 05:56:19.122686
quatangsukienfreefire.com,AVAILABILITY,origin.list,2023-04-11 05:56:19.261789
saokenganhangvn.com,AVAILABILITY,origin.list,2023-04-11 05:56:19.267969
quaythuongmembership.com,AVAILABILITY,origin.list,2023-04-11 05:56:19.343686
postvay.com,AVAILABILITY,origin.list,2023-04-11 05:56:19.414348
shop6886.com,AVAILABILITY,origin.list,2023-04-11 05:56:20.183259
quatangshopee.online,AVAILABILITY,origin.list,2023-04-11 05:56:20.220114
quatangsale.vn,AVAILABILITY,origin.list,2023-04-11 05:56:20.251236
quatrianfreefirevn.club,AVAILABILITY,origin.list,2023-04-11 05:56:20.413590
quamomo.vn,AVAILABILITY,origin.list,2023-04-11 05:56:20.545812
quaviet999.com,AVAILABILITY,origin.list,2023-04-11 05:56:21.070891
shipshop99.com,AVAILABILITY,origin.list,2023-04-11 05:56:21.205455
shopee-mobilebanking.vn,AVAILABILITY,origin.list,2023-04-11 05:56:21.333126
quatangs.vn,AVAILABILITY,origin.list,2023-04-11 05:56:21.533318
shopee-lienkettaikhoan.vn,AVAILABILITY,origin.list,2023-04-11 05:56:22.137091
shopbangbang.xyz,AVAILABILITY,origin.list,2023-04-11 05:56:22.176894
rutkimcuong24h.com,AVAILABILITY,origin.list,2023-04-11 05:56:22.372011
shopee.quatang-sinhnhat.vn,AVAILABILITY,origin.list,2023-04-11 05:56:22.387869
shinhanbanker.com,AVAILABILITY,origin.list,2023-04-11 05:56:22.910970
shogunbovietnam.com,AVAILABILITY,origin.list,2023-04-11 05:56:22.990072
shopcuamon.com,AVAILABILITY,origin.list,2023-04-11 05:56:23.149069
quaythuonggamefreefire.com,AVAILABILITY,origin.list,2023-04-11 05:56:23.253442
quatruykich.vn,AVAILABILITY,origin.list,2023-04-11 05:56:23.868364
shinhanvayvon.online,AVAILABILITY,origin.list,2023-04-11 05:56:23.886610
shopdieulinh.com,AVAILABILITY,origin.list,2023-04-11 05:56:24.051372
shopbacgau.shop,AVAILABILITY,origin.list,2023-04-11 05:56:24.483471
shopcao10sao.com,AVAILABILITY,origin.list,2023-04-11 05:56:24.678668
shopdayroi.com,AVAILABILITY,origin.list,2023-04-11 05:56:24.693818
shopeesukien.com,AVAILABILITY,origin.list,2023-04-11 05:56:24.833079
napgame247.tk,AVAILABILITY,origin.list,2023-04-11 05:56:25.129811
shopee918.com,AVAILABILITY,origin.list,2023-04-11 05:56:25.267957
shopeehethong.com,AVAILABILITY,origin.list,2023-04-11 05:56:25.615671
sanmomo.me,AVAILABILITY,origin.list,2023-04-11 05:56:25.674614
sieusao.lienquan-vgarena.com,AVAILABILITY,origin.list,2023-04-11 05:56:25.789347
shopfreefire137.com,AVAILABILITY,origin.list,2023-04-11 05:56:26.130522
shopccv.pro,AVAILABILITY,origin.list,2023-04-11 05:56:26.149518
shopgenshin360.com,AVAILABILITY,origin.list,2023-04-11 05:56:26.423777
shopkc247.com,AVAILABILITY,origin.list,2023-04-11 05:56:26.532732
sukiem-muahe-pubgmobilevn.com,AVAILABILITY,origin.list,2023-04-11 05:56:26.874363
shopmanhcf365.com,AVAILABILITY,origin.list,2023-04-11 05:56:27.240061
shopaccgame.vn,AVAILABILITY,origin.list,2023-04-11 05:56:27.466113
shopnhanthuong.com,AVAILABILITY,origin.list,2023-04-11 05:56:27.635222
shopeefans.info,AVAILABILITY,origin.list,2023-04-11 05:56:28.041320
sso-hotro-taikhoan.com,AVAILABILITY,origin.list,2023-04-11 05:56:28.150302
sacombank.net.vn,AVAILABILITY,origin.list,2023-04-11 05:56:28.187276
shopgau.me,AVAILABILITY,origin.list,2023-04-11 05:56:28.211228
sukien-garenaffvn.com,AVAILABILITY,origin.list,2023-04-11 05:56:28.299397
sukien-quaythuongmembers.com,AVAILABILITY,origin.list,2023-04-11 05:56:28.884487
shopphimgiare.com,AVAILABILITY,origin.list,2023-04-11 05:56:28.889647
shopnagaymeff.com,AVAILABILITY,origin.list,2023-04-11 05:56:28.920607
shopthong.net,AVAILABILITY,origin.list,2023-04-11 05:56:29.179606
shopmsuong.shop,AVAILABILITY,origin.list,2023-04-11 05:56:29.371758
sukien-pubgmbvng.com,AVAILABILITY,origin.list,2023-04-11 05:56:29.579117
shoptungtayto.com,AVAILABILITY,origin.list,2023-04-11 05:56:29.660236
shoppeflashsale.online,AVAILABILITY,origin.list,2023-04-11 05:56:29.836332
shoptienzombe.com,AVAILABILITY,origin.list,2023-04-11 05:56:30.003533
sukien-latquaff.com,AVAILABILITY,origin.list,2023-04-11 05:56:30.062691
smrtbbdv.com,AVAILABILITY,origin.list,2023-04-11 05:56:30.444426
sukien-playtogether.com,AVAILABILITY,origin.list,2023-04-11 05:56:30.503060
sukienpubgvng-global.com,AVAILABILITY,origin.list,2023-04-11 05:56:30.714900
shopnamciu.vn,AVAILABILITY,origin.list,2023-04-11 05:56:30.889513
shopgo188.com,AVAILABILITY,origin.list,2023-04-11 05:56:31.191898
shoptaikhoangame.com,AVAILABILITY,origin.list,2023-04-11 05:56:31.328765
sieuthibaby24h.com,AVAILABILITY,origin.list,2023-04-11 05:56:31.522092
sukien-pubgmobilevietnam.club,AVAILABILITY,origin.list,2023-04-11 05:56:31.713058
sukien-freefirenammoi.site,AVAILABILITY,origin.list,2023-04-11 05:56:32.112692
smrtbiidvv.com,AVAILABILITY,origin.list,2023-04-11 05:56:32.147627
shinhanbankvay24h.com.vn,AVAILABILITY,origin.list,2023-04-11 05:56:32.511144
shopxu24h.site,AVAILABILITY,origin.list,2023-04-11 05:56:32.699927
sukien-lmht.com,AVAILABILITY,origin.list,2023-04-11 05:56:32.855476
smrtbbidv.com,AVAILABILITY,origin.list,2023-04-11 05:56:32.887586
shoppe8.vip,AVAILABILITY,origin.list,2023-04-11 05:56:33.149688
smsccb.com,AVAILABILITY,origin.list,2023-04-11 05:56:33.351899
sukienfreefive.com,AVAILABILITY,origin.list,2023-04-11 05:56:33.552608
support-nganhang.site,AVAILABILITY,origin.list,2023-04-11 05:56:33.698285
shopvuhau.com,AVAILABILITY,origin.list,2023-04-11 05:56:33.961851
shoprex.vn,AVAILABILITY,origin.list,2023-04-11 05:56:34.136445
sukien-lienminhtocchien.site,AVAILABILITY,origin.list,2023-04-11 05:56:34.201191
sukiendtdv-lienquan-garena.co,AVAILABILITY,origin.list,2023-04-11 05:56:34.314427
sukien-pubgmobielievng.com,AVAILABILITY,origin.list,2023-04-11 05:56:34.363020
sukiennhanqualqvn2021.com,AVAILABILITY,origin.list,2023-04-11 05:56:34.779294
spsinhlychinhhang.com,AVAILABILITY,origin.list,2023-04-11 05:56:34.959397
smrtbiiddv.com,AVAILABILITY,origin.list,2023-04-11 05:56:35.046936
smtbvn.com,AVAILABILITY,origin.list,2023-04-11 05:56:35.145343
sukienffvn2021.com,AVAILABILITY,origin.list,2023-04-11 05:56:35.184446
sukienffvn2021.net,AVAILABILITY,origin.list,2023-04-11 05:56:35.665280
sukienlq2021.com,AVAILABILITY,origin.list,2023-04-11 05:56:35.739678
sukienfreefirervn.com,AVAILABILITY,origin.list,2023-04-11 05:56:35.882545
sukienlienquanmobile2021.com,AVAILABILITY,origin.list,2023-04-11 05:56:35.953945
sukienlienquanvietnam.com,AVAILABILITY,origin.list,2023-04-11 05:56:35.978545
sukienplaytogether.com,AVAILABILITY,origin.list,2023-04-11 05:56:36.473391
sukienlienquanthang8.com,AVAILABILITY,origin.list,2023-04-11 05:56:36.693213
sukienffvn.online,AVAILABILITY,origin.list,2023-04-11 05:56:36.707942
taichinhagribank.com,AVAILABILITY,origin.list,2023-04-11 05:56:36.781483
sukientrian2021.com,AVAILABILITY,origin.list,2023-04-11 05:56:37.281742
tangqua01vn.com,AVAILABILITY,origin.list,2023-04-11 05:56:37.493708
sukientriankhachhang2021.com,AVAILABILITY,origin.list,2023-04-11 05:56:37.519943
thuonghieutoancau69.com,AVAILABILITY,origin.list,2023-04-11 05:56:37.531002
smrtbiidv.com,AVAILABILITY,origin.list,2023-04-11 05:56:38.161045
tiengia24h.com,AVAILABILITY,origin.list,2023-04-11 05:56:38.212868
thuongviet01.com,AVAILABILITY,origin.list,2023-04-11 05:56:38.307494
thenapx10ff.com,AVAILABILITY,origin.list,2023-04-11 05:56:38.346231
thanhphomomo.com,AVAILABILITY,origin.list,2023-04-11 05:56:38.933731
tiki36.com,AVAILABILITY,origin.list,2023-04-11 05:56:39.044225
tiki82.com,AVAILABILITY,origin.list,2023-04-11 05:56:39.068904
sukienvongquay.site,AVAILABILITY,origin.list,2023-04-11 05:56:39.281838
tindung-online.com,AVAILABILITY,origin.list,2023-04-11 05:56:39.578460
sukienmemberships.com,AVAILABILITY,origin.list,2023-04-11 05:56:39.880452
tiki35.com,AVAILABILITY,origin.list,2023-04-11 05:56:39.909308
tikivn118.com,AVAILABILITY,origin.list,2023-04-11 05:56:40.090868
tiki37.com,AVAILABILITY,origin.list,2023-04-11 05:56:40.427116
tiki86.com,AVAILABILITY,origin.list,2023-04-11 05:56:40.759212
sukienlmht.vn,AVAILABILITY,origin.list,2023-04-11 05:56:40.980130
sunmomo88.com,AVAILABILITY,origin.list,2023-04-11 05:56:41.246639
taikhoanquatang.vn,AVAILABILITY,origin.list,2023-04-11 05:56:41.447885
sukienquatang.vn,AVAILABILITY,origin.list,2023-04-11 05:56:41.723014
sukientrianfreefirevietnam.club,AVAILABILITY,origin.list,2023-04-11 05:56:41.781564
nappa.ml,AVAILABILITY,origin.list,2023-04-11 05:56:41.845239
tindung-vietcombank.online,AVAILABILITY,origin.list,2023-04-11 05:56:42.084031
tieudungshinhanbank.com,AVAILABILITY,origin.list,2023-04-11 05:56:42.259652
tindung-shinhan.com,AVAILABILITY,origin.list,2023-04-11 05:56:42.393724
tinchap-nganhang.online,AVAILABILITY,origin.list,2023-04-11 05:56:42.673672
tiki94.com,AVAILABILITY,origin.list,2023-04-11 05:56:42.867667
tpbank-hanoi.com,AVAILABILITY,origin.list,2023-04-11 05:56:43.078538
tinchapluong-techcombank.xyz,AVAILABILITY,origin.list,2023-04-11 05:56:43.239293
tien8833.com,AVAILABILITY,origin.list,2023-04-11 05:56:43.457253
trang-chu-vn.com,AVAILABILITY,origin.list,2023-04-11 05:56:43.501389
thisinhthanhlich2022.com,AVAILABILITY,origin.list,2023-04-11 05:56:43.925560
tindung188.com,AVAILABILITY,origin.list,2023-04-11 05:56:44.010225
tikivn668.com,AVAILABILITY,origin.list,2023-04-11 05:56:44.300871
tindung-vietcombank247.online,AVAILABILITY,origin.list,2023-04-11 05:56:44.352039
tikivn558.com,AVAILABILITY,origin.list,2023-04-11 05:56:44.758835
tindung-techcombank.online,AVAILABILITY,origin.list,2023-04-11 05:56:44.861801
tindungshinhanbank.com,AVAILABILITY,origin.list,2023-04-11 05:56:45.138300
tinchapvietcombank24h.com,AVAILABILITY,origin.list,2023-04-11 05:56:45.166006
tikivn68.com,AVAILABILITY,origin.list,2023-04-11 05:56:45.533765
thutucnhantienvn.com,AVAILABILITY,origin.list,2023-04-11 05:56:45.933078
tinthuongvang2021.com,AVAILABILITY,origin.list,2023-04-11 05:56:45.997929
tikishop.shop,AVAILABILITY,origin.list,2023-04-11 05:56:46.053848
tindungtechcombank247.online,AVAILABILITY,origin.list,2023-04-11 05:56:46.506552
tinsukien2021vn.com,AVAILABILITY,origin.list,2023-04-11 05:56:46.757296
tindungvietcombank.net,AVAILABILITY,origin.list,2023-04-11 05:56:46.769338
napvisieutoc.tk,AVAILABILITY,origin.list,2023-04-11 05:56:46.769502
thuonghieutop1.online,AVAILABILITY,origin.list,2023-04-11 05:56:47.041173
tindung24h-vietcombank.online,AVAILABILITY,origin.list,2023-04-11 05:56:47.329072
trangthaithe247.com,AVAILABILITY,origin.list,2023-04-11 05:56:47.550920
tinthuongvietvn.com,AVAILABILITY,origin.list,2023-04-11 05:56:47.625969
tranphongnam.tangtuongtac.work,AVAILABILITY,origin.list,2023-04-11 05:56:47.727146
trianlienquanvn2021.com,AVAILABILITY,origin.list,2023-04-11 05:56:47.781830
thietbidiennang.online,AVAILABILITY,origin.list,2023-04-11 05:57:13.184881
tindungnganhang-vietnam365.online,AVAILABILITY,origin.list,2023-04-11 05:57:28.182172
trangnapthelienquan.com,AVAILABILITY,origin.list,2023-04-11 05:57:28.220072
trungtam-cskh-vipham.com,AVAILABILITY,origin.list,2023-04-11 05:57:33.198625
tindungnganhang.biz,AVAILABILITY,origin.list,2023-04-11 05:57:53.780776
tindung-vpbank.online,AVAILABILITY,origin.list,2023-04-11 05:58:18.888448
vaynhanh-techcombank.com,AVAILABILITY,origin.list,2023-04-11 05:58:23.606437
trangqua696.com,AVAILABILITY,origin.list,2023-04-11 05:58:23.607630
tinlequa365.com,AVAILABILITY,origin.list,2023-04-11 05:58:28.673592
tiki.bet,AVAILABILITY,origin.list,2023-04-11 05:59:00.027057
trian-pubgmbvng.com,AVAILABILITY,origin.list,2023-04-11 05:59:04.046530
trianfreefirevietnam.com,AVAILABILITY,origin.list,2023-04-11 05:59:24.385790
trangtrian2021.com,AVAILABILITY,origin.list,2023-04-11 05:59:29.086935
triangamethulienquan.com,AVAILABILITY,origin.list,2023-04-11 05:59:34.137294
tindungnganhang-vietnam247.online,AVAILABILITY,origin.list,2023-04-11 05:59:54.685672
trumvang68.net,AVAILABILITY,origin.list,2023-04-11 06:00:10.480061
vay-vietcombank.biz,AVAILABILITY,origin.list,2023-04-11 06:00:19.513680
traothuongxe37.com,AVAILABILITY,origin.list,2023-04-11 06:00:29.662068
tuanlocvang123.com,AVAILABILITY,origin.list,2023-04-11 06:00:29.875271
traoquatangshopee.com,AVAILABILITY,origin.list,2023-04-11 06:00:36.928374
taikhoanbankshopee.com,AVAILABILITY,origin.list,2023-04-11 06:00:36.960787
tiki8.vip,AVAILABILITY,origin.list,2023-04-11 06:00:37.007791
tracuugplx.vn,AVAILABILITY,origin.list,2023-04-11 06:00:37.346524
vaytieudung-vietinbank.com,AVAILABILITY,origin.list,2023-04-11 06:00:37.738975
traothuongxe7.com,AVAILABILITY,origin.list,2023-04-11 06:00:37.865433
trianqua4052.com,AVAILABILITY,origin.list,2023-04-11 06:00:37.926271
tindungtechcombank.online,AVAILABILITY,origin.list,2023-04-11 06:00:38.037895
tinchap-techcombank.store,AVAILABILITY,origin.list,2023-04-11 06:00:38.357550
tranggiaivangvn.com,AVAILABILITY,origin.list,2023-04-11 06:00:38.590787
vaytiennhanh-shinhan.com,AVAILABILITY,origin.list,2023-04-11 06:00:38.596585
vanmaymm24h.com,AVAILABILITY,origin.list,2023-04-11 06:00:38.652497
trianquagarrena.com,AVAILABILITY,origin.list,2023-04-11 06:00:38.819085
vay247nhanh.com,AVAILABILITY,origin.list,2023-04-11 06:00:39.157018
vay.nhanh.24h.ubte6.com,AVAILABILITY,origin.list,2023-04-11 06:00:39.372495
vaytien-techcombank.online,AVAILABILITY,origin.list,2023-04-11 06:00:39.505901
vaytinchapnhanh-bidv.com,AVAILABILITY,origin.list,2023-04-11 06:00:39.516145
vaynganhang-techcombank.xyz,AVAILABILITY,origin.list,2023-04-11 06:00:39.647226
vaytien-sacombank.xyz,AVAILABILITY,origin.list,2023-04-11 06:00:39.992338
uyban.club,AVAILABILITY,origin.list,2023-04-11 06:00:40.172219
trungtam-baohanhdienmayxanh.com,AVAILABILITY,origin.list,2023-04-11 06:00:40.214326
vayshinhanbanks.com,AVAILABILITY,origin.list,2023-04-11 06:00:40.290772
vaytheoluong-techcombank360.online,AVAILABILITY,origin.list,2023-04-11 06:00:40.594617
vaytinchap-shinhan.com,AVAILABILITY,origin.list,2023-04-11 06:00:40.901964
vaytinchap-nganhangvcb247.com,AVAILABILITY,origin.list,2023-04-11 06:00:40.982468
trianlienquan2.club,AVAILABILITY,origin.list,2023-04-11 06:00:41.011571
vaynganhangagribank.xyz,AVAILABILITY,origin.list,2023-04-11 06:00:41.610613
vayvon-bidv-vn.com,AVAILABILITY,origin.list,2023-04-11 06:00:41.642250
vayvon-shinhanbank-24h.com,AVAILABILITY,origin.list,2023-04-11 06:00:41.708337
trungquatang.vn,AVAILABILITY,origin.list,2023-04-11 06:00:41.948438
vaytinchap-shinhanbank247.online,AVAILABILITY,origin.list,2023-04-11 06:00:42.460819
vaynganhangshinhan.online,AVAILABILITY,origin.list,2023-04-11 06:00:42.625905
trungthuong.vn,AVAILABILITY,origin.list,2023-04-11 06:00:42.677160
vavietcombank.cc,AVAILABILITY,origin.list,2023-04-11 06:00:42.680559
vaytindung-techcombank.online,AVAILABILITY,origin.list,2023-04-11 06:00:42.787227
vaytheoluong-vietcombank24h.biz,AVAILABILITY,origin.list,2023-04-11 06:00:43.451157
trangchusukien.vn,AVAILABILITY,origin.list,2023-04-11 06:00:44.120277
vaytheoluongtechcombank.online,AVAILABILITY,origin.list,2023-04-11 06:00:44.149385
vay-tpbank.site,AVAILABILITY,origin.list,2023-04-11 06:00:44.279694
vaytienvpbank.com,AVAILABILITY,origin.list,2023-04-11 06:00:44.327006
vaynhanhshinhanbank.vn,AVAILABILITY,origin.list,2023-04-11 06:00:44.417009
vaytinchapshinhan247.com,AVAILABILITY,origin.list,2023-04-11 06:00:44.989623
vaytieudungtinchaptpbank.com,AVAILABILITY,origin.list,2023-04-11 06:00:45.001595
vaytinchap-tpbank-hanoi.xyz,AVAILABILITY,origin.list,2023-04-11 06:00:45.141815
vaynganhanglaisuatthap.com,AVAILABILITY,origin.list,2023-04-11 06:00:45.176749
vay-vietcombank.com.vn,AVAILABILITY,origin.list,2023-04-11 06:00:45.245689
vayvon-techcombank.biz,AVAILABILITY,origin.list,2023-04-11 06:00:45.859489
vaytienshinhanbank.xyz,AVAILABILITY,origin.list,2023-04-11 06:00:45.981366
vietcombank-hotrovaykhachhang.online,AVAILABILITY,origin.list,2023-04-11 06:00:45.993526
vaytinchap-tpbank.xyz,AVAILABILITY,origin.list,2023-04-11 06:00:46.066511
tuanlevang.vn,AVAILABILITY,origin.list,2023-04-11 06:00:46.167168
vaytindungshinhan.net,AVAILABILITY,origin.list,2023-04-11 06:00:46.619534
vietinbank-online.com,AVAILABILITY,origin.list,2023-04-11 06:00:46.678186
vaytinchaptieudungshinhanbank.com,AVAILABILITY,origin.list,2023-04-11 06:00:46.830494
vidientu24h.com,AVAILABILITY,origin.list,2023-04-11 06:00:46.871802
vayvn247.com,AVAILABILITY,origin.list,2023-04-11 06:00:46.957680
vietinbank-ipay.com,AVAILABILITY,origin.list,2023-04-11 06:00:47.361492
vieclam66.com,AVAILABILITY,origin.list,2023-04-11 06:00:47.423700
vietcombank-vaytinchap.com,AVAILABILITY,origin.list,2023-04-11 06:00:47.518014
vn-sacombank.com,AVAILABILITY,origin.list,2023-04-11 06:00:47.638274
tindung-vietcombank.info,AVAILABILITY,origin.list,2023-04-11 06:00:47.916427
vietcombak.com,AVAILABILITY,origin.list,2023-04-11 06:00:48.250594
vayvonshinhanhanoi.com,AVAILABILITY,origin.list,2023-04-11 06:00:48.423030
vaynhanhpro.vn,AVAILABILITY,origin.list,2023-04-11 06:00:48.703846
vieclamonha.online,AVAILABILITY,origin.list,2023-04-11 06:00:48.876229
vayvonshinhantoanquoc.online,AVAILABILITY,origin.list,2023-04-11 06:00:49.196279
vidientusp.vn,AVAILABILITY,origin.list,2023-04-11 06:00:49.323043
vietflix.vn,AVAILABILITY,origin.list,2023-04-11 06:00:49.610708
vayvontieudungshinhanbank.com,AVAILABILITY,origin.list,2023-04-11 06:00:49.653270
vayvonnganhang-techcombank24h.online,AVAILABILITY,origin.list,2023-04-11 06:00:50.175367
vangngocnhanh.info,AVAILABILITY,origin.list,2023-04-11 06:00:50.324828
vn-ebank.xyz,AVAILABILITY,origin.list,2023-04-11 06:00:50.470547
vaytintam24h.vn,AVAILABILITY,origin.list,2023-04-11 06:00:50.617765
vp-nanghanmuc.com,AVAILABILITY,origin.list,2023-04-11 06:00:50.938515
vietnamkdam.com,AVAILABILITY,origin.list,2023-04-11 06:00:51.153016
vn-banks.xyz,AVAILABILITY,origin.list,2023-04-11 06:00:51.327332
vongquaysieupham-grnfreefirevietnam.club,AVAILABILITY,origin.list,2023-04-11 06:00:51.510499
vpb-nanghanmuc.com,AVAILABILITY,origin.list,2023-04-11 06:00:51.670386
vletcombank.com,AVAILABILITY,origin.list,2023-04-11 06:00:51.955561
vnduthianhgroup.com,AVAILABILITY,origin.list,2023-04-11 06:00:52.341399
vietcombank-vietnam.com.vn,AVAILABILITY,origin.list,2023-04-11 06:00:52.709875
vn-ebanking.info,AVAILABILITY,origin.list,2023-04-11 06:00:52.742943
quatangmienphi.tk,AVAILABILITY,origin.list,2023-04-11 06:00:52.900245
webinfo-ebank.com,AVAILABILITY,origin.list,2023-04-11 06:00:53.047365
vayvietcombank.com.vn,AVAILABILITY,origin.list,2023-04-11 06:00:53.136909
web-membbership-freefire-garena.com,AVAILABILITY,origin.list,2023-04-11 06:00:53.475714
viettinvay.com,AVAILABILITY,origin.list,2023-04-11 06:00:53.643762
vaythechaptpbank.info,AVAILABILITY,origin.list,2023-04-11 06:00:53.659219
vnhopqua.com,AVAILABILITY,origin.list,2023-04-11 06:00:53.842758
vonocltx.club,AVAILABILITY,origin.list,2023-04-11 06:00:53.943817
vn-ibank.info,AVAILABILITY,origin.list,2023-04-11 06:00:54.285837
vnebank.xyz,AVAILABILITY,origin.list,2023-04-11 06:00:54.656094
vongquaycongnghegarena.com,AVAILABILITY,origin.list,2023-04-11 06:00:54.700151
vietinbankis.cc,AVAILABILITY,origin.list,2023-04-11 06:00:54.763538
vntiki.shop,AVAILABILITY,origin.list,2023-04-11 06:00:55.419860
voniao.com,AVAILABILITY,origin.list,2023-04-11 06:00:55.492157
webbanklienthong247.com,AVAILABILITY,origin.list,2023-04-11 06:00:55.495663
weblenhangiaivn.com,AVAILABILITY,origin.list,2023-04-11 06:00:55.522722
vietcombank.money,AVAILABILITY,origin.list,2023-04-11 06:00:55.693218
vpb-hanmuc.com,AVAILABILITY,origin.list,2023-04-11 06:00:56.223131
vongquaysieuphamfreefirevn.com,AVAILABILITY,origin.list,2023-04-11 06:00:56.503849
vnvietcombank.cc,AVAILABILITY,origin.list,2023-04-11 06:00:56.534441
acb.vn-cl.xyz,AVAILABILITY,origin.list,2023-04-11 06:00:57.144181
vietinbankvis.cc,AVAILABILITY,origin.list,2023-04-11 06:00:57.412866
truongtonducthang.edu.vn,AVAILABILITY,origin.list,2023-04-11 06:00:57.613564
webtrianthang12.com,AVAILABILITY,origin.list,2023-04-11 06:00:57.999851
sacombank.vn-cl.xyz,AVAILABILITY,origin.list,2023-04-11 06:00:58.027029
xacminh-taikhoan-garena.com,AVAILABILITY,origin.list,2023-04-11 06:00:58.333044
webxacnhankhoanvay24h.com,AVAILABILITY,origin.list,2023-04-11 06:00:58.796239
techcombank.vn-cl.xyz,AVAILABILITY,origin.list,2023-04-11 06:00:58.959212
vietcombank.fund,AVAILABILITY,origin.list,2023-04-11 06:00:59.429390
webtuanlocvang123.com,AVAILABILITY,origin.list,2023-04-11 06:00:59.614555
xacnhankhoanvay247.com,AVAILABILITY,origin.list,2023-04-11 06:00:59.763045
shb.com.vn-sp.xyz,AVAILABILITY,origin.list,2023-04-11 06:01:00.238427
napthekm.ga,AVAILABILITY,origin.list,2023-04-11 06:01:00.350214
vongquaylotus.xyz,AVAILABILITY,origin.list,2023-04-11 06:01:00.797439
shopphucgmff.tk,AVAILABILITY,origin.list,2023-04-11 06:01:00.845560
vpbank.vn-cl.xyz,AVAILABILITY,origin.list,2023-04-11 06:01:00.993360
xacminhtaikhoan-garena-vn.xyz,AVAILABILITY,origin.list,2023-04-11 06:01:01.073081
tpbank.vn-cl.xyz,AVAILABILITY,origin.list,2023-04-11 06:01:01.453198
techcombank.vn-sp.xyz,AVAILABILITY,origin.list,2023-04-11 06:01:01.604364
xacminhgarenalienquan.com,AVAILABILITY,origin.list,2023-04-11 06:01:01.648036
xacnhankhoanvay999.com,AVAILABILITY,origin.list,2023-04-11 06:01:02.393016
webnapgame.com,AVAILABILITY,origin.list,2023-04-11 06:01:02.492887
vietcombank.vn-sp.xyz,AVAILABILITY,origin.list,2023-04-11 06:01:03.102393
vongquaysieuphamfreefirevn.club,AVAILABILITY,origin.list,2023-04-11 06:01:03.191703
com.vn-rb.icu,AVAILABILITY,origin.list,2023-04-11 06:01:03.882679
vpbank.com.vn-rb.icu,AVAILABILITY,origin.list,2023-04-11 06:01:04.674227
vuimomo.club,AVAILABILITY,origin.list,2023-04-11 06:01:05.477449
vaynganhang.top,AVAILABILITY,origin.list,2023-04-11 06:01:05.830655
xacnhantaikhoannhanqua.com,AVAILABILITY,origin.list,2023-04-11 06:01:06.286239
scb.com.vn-rb.icu,AVAILABILITY,origin.list,2023-04-11 06:01:06.459216
com.vn-sp.xyz,AVAILABILITY,origin.list,2023-04-11 06:01:06.924075
sukienpubg-thang6.tk,AVAILABILITY,origin.list,2023-04-11 06:01:07.032779
acb.vn-banks.xyz,AVAILABILITY,origin.list,2023-04-11 06:01:07.085349
vpbank.vn-sp.xyz,AVAILABILITY,origin.list,2023-04-11 06:01:07.543521
shoppee-sale-vn.tk,AVAILABILITY,origin.list,2023-04-11 06:01:07.579696
vipshopee.cc,AVAILABILITY,origin.list,2023-04-11 06:01:07.889119
webxacnhankhoanvay247.com,AVAILABILITY,origin.list,2023-04-11 06:01:07.890042
techcombank.vn-iy.life,AVAILABILITY,origin.list,2023-04-11 06:01:08.408684
msb.vn-iy.life,AVAILABILITY,origin.list,2023-04-11 06:01:08.481910
shb.com.vn-iy.info,AVAILABILITY,origin.list,2023-04-11 06:01:08.655269
webtrianvangthang12.com,AVAILABILITY,origin.list,2023-04-11 06:01:09.233250
vayvonnhanhnganhangtpbank.com,AVAILABILITY,origin.list,2023-04-11 06:01:09.305458
scb.com.vn-uz.info,AVAILABILITY,origin.list,2023-04-11 06:01:09.452348
ff-membership-garena.com,AVAILABILITY,origin.list,2023-04-11 06:01:10.003567
vnvietcombanks.cc,AVAILABILITY,origin.list,2023-04-11 06:01:10.058342
taikhoan-garena-vn.tk,AVAILABILITY,origin.list,2023-04-11 06:01:10.094188
ibankingdigital.com,AVAILABILITY,origin.list,2023-04-11 06:01:10.239161
shopee.vn-lk.shop,AVAILABILITY,origin.list,2023-04-11 06:01:10.703270
vongquay-lienminh.com,AVAILABILITY,origin.list,2023-04-11 06:01:10.735469
xacnhanvay247.com,AVAILABILITY,origin.list,2023-04-11 06:01:11.060816
binhchonthisinhgionghatvietnhi2022vtv6vn.weebly.com,AVAILABILITY,origin.list,2023-04-11 06:01:11.452615
xacnhankhoanvay.com,AVAILABILITY,origin.list,2023-04-11 06:01:11.556790
new-vietcombank.com,AVAILABILITY,origin.list,2023-04-11 06:01:11.774934
lienvietbank.vn-vp.xyz,AVAILABILITY,origin.list,2023-04-11 06:01:12.172805
sukiengarenafreefire.tk,AVAILABILITY,origin.list,2023-04-11 06:01:12.249963
vpbank.com.vn-uz.info,AVAILABILITY,origin.list,2023-04-11 06:01:12.319541
sacombank.vn-vp.xyz,AVAILABILITY,origin.list,2023-04-11 06:01:12.360499
com.vn-iz.info,AVAILABILITY,origin.list,2023-04-11 06:01:13.001855
binhchonkhoanhkhacbeyeu2022.weebly.com,AVAILABILITY,origin.list,2023-04-11 06:01:13.056927
com.vn-iy.info,AVAILABILITY,origin.list,2023-04-11 06:01:13.072308
com.vn-ub.info,AVAILABILITY,origin.list,2023-04-11 06:01:13.219912
vcbdlgrcbonk.com,AVAILABILITY,origin.list,2023-04-11 06:01:13.810143
scb.com.vn-iz.info,AVAILABILITY,origin.list,2023-04-11 06:01:13.871271
wefinexvietnam.xyz,AVAILABILITY,origin.list,2023-04-11 06:01:14.002584
bideo-blog.xyz,AVAILABILITY,origin.list,2023-04-11 06:01:14.050273
membershipsgarenavn-ff.com,AVAILABILITY,origin.list,2023-04-11 06:01:14.568282
xakhohangtrungbay.site,AVAILABILITY,origin.list,2023-04-11 06:01:14.758100
app.zingmp3.pro,AVAILABILITY,origin.list,2023-04-11 06:01:14.870725
vn-shop.click,AVAILABILITY,origin.list,2023-04-11 06:01:15.111119
techcombank.vn-vp.xyz,AVAILABILITY,origin.list,2023-04-11 06:01:15.191554
acb.vn-vp.xyz,AVAILABILITY,origin.list,2023-04-11 06:01:15.469408
ff-menber-garena.vn,AVAILABILITY,origin.list,2023-04-11 06:01:20.584725
money-express.me,AVAILABILITY,origin.list,2023-04-11 06:01:22.693275
scb.vn-vp.xyz,AVAILABILITY,origin.list,2023-04-11 06:01:28.359094
www.findiphone.mobi,AVAILABILITY,origin.list,2023-04-11 06:02:03.362127
com.vn-uz.info,AVAILABILITY,origin.list,2023-04-11 06:02:05.822501
ahoravideo-cdn.xyz,AVAILABILITY,origin.list,2023-04-11 06:02:08.282772
taoshopttv.xyz,AVAILABILITY,origin.list,2023-04-11 06:02:24.003741
vayshinhan.top,AVAILABILITY,origin.list,2023-04-11 06:02:26.962699
scb.com.vn-scl.life,AVAILABILITY,origin.list,2023-04-11 06:02:43.862303
bluvenie.com,AVAILABILITY,origin.list,2023-04-11 06:03:04.114297
cettiarl.com,AVAILABILITY,origin.list,2023-04-11 06:03:13.818673
vietcombank.vn-cn.xyz,AVAILABILITY,origin.list,2023-04-11 06:03:13.891650
vongquay-pubg-vng.com,AVAILABILITY,origin.list,2023-04-11 06:03:24.361258
m.hi1222.com,AVAILABILITY,origin.list,2023-04-11 06:03:34.410348
vongquay-pubgmobilevn.com,AVAILABILITY,origin.list,2023-04-11 06:03:44.347980
scb.com.vn-cr.life,AVAILABILITY,origin.list,2023-04-11 06:03:44.515135
bideo-schnellvpn.xyz,AVAILABILITY,origin.list,2023-04-11 06:03:59.517182
www.vn-scl.life,AVAILABILITY,origin.list,2023-04-11 06:04:14.715233
vongquay-pubgmobilevn-zing.com,AVAILABILITY,origin.list,2023-04-11 06:04:19.865032
vpbank.vn-cr.life,AVAILABILITY,origin.list,2023-04-11 06:04:24.760032
isacembank.com,AVAILABILITY,origin.list,2023-04-11 06:04:45.036241
vongquay-pubgmobilevng.com,AVAILABILITY,origin.list,2023-04-11 06:04:57.196568
xacnhan.vn,AVAILABILITY,origin.list,2023-04-11 06:04:57.213307
ahoravideo-blog.xyz,AVAILABILITY,origin.list,2023-04-11 06:04:57.421077
wutienitme247.info,AVAILABILITY,origin.list,2023-04-11 06:04:57.615336
scb.com.vn-cn.xyz,AVAILABILITY,origin.list,2023-04-11 06:04:57.849713
ahoravideo-chat.xyz,AVAILABILITY,origin.list,2023-04-11 06:04:57.999924
vpbank.vn-cn.life,AVAILABILITY,origin.list,2023-04-11 06:04:58.002312
fairu-blog.xyz,AVAILABILITY,origin.list,2023-04-11 06:04:58.275879
shopee.nhanqua.online,AVAILABILITY,origin.list,2023-04-11 06:04:58.358985
defi.hsfdefi.com,AVAILABILITY,origin.list,2023-04-11 06:04:58.829498
privatproxy-chat.xyz,AVAILABILITY,origin.list,2023-04-11 06:04:58.869462
ebank.wmxba.com,AVAILABILITY,origin.list,2023-04-11 06:04:59.040521
vn-nhanquatang.click,AVAILABILITY,origin.list,2023-04-11 06:04:59.198369
fairu-cdn.xyz,AVAILABILITY,origin.list,2023-04-11 06:04:59.709922
lienkettaikhoan.com,AVAILABILITY,origin.list,2023-04-11 06:04:59.722774
drakeesh.com,AVAILABILITY,origin.list,2023-04-11 06:04:59.853799
shopee.lienkettaikhoan.online,AVAILABILITY,origin.list,2023-04-11 06:05:00.453285
free.sc0mvn.com,AVAILABILITY,origin.list,2023-04-11 06:05:00.641680
vietcombank.vn-nng.top,AVAILABILITY,origin.list,2023-04-11 06:05:00.866203
vongquaysukienff.top,AVAILABILITY,origin.list,2023-04-11 06:05:00.972053
vietinbanki.top,AVAILABILITY,origin.list,2023-04-11 06:05:00.994970
shopee.lienkettaikhoannhanquatang.online,AVAILABILITY,origin.list,2023-04-11 06:05:01.188096
scb.com.vn-ub.info,AVAILABILITY,origin.list,2023-04-11 06:05:01.611635
garean.vn,AVAILABILITY,origin.list,2023-04-11 06:05:01.771903
vongquay-trian-pubgmobilevn.com,AVAILABILITY,origin.list,2023-04-11 06:05:01.777460
tuyendungctvlazada.com,AVAILABILITY,origin.list,2023-04-11 06:05:02.023541
tpbank.vn-vpb.top,AVAILABILITY,origin.list,2023-04-11 06:05:02.190760
vongquaygarena2021.com,AVAILABILITY,origin.list,2023-04-11 06:05:02.831136
qualienquan.vn,AVAILABILITY,origin.list,2023-04-11 06:05:02.842524
vietcombank.vn-llc.top,AVAILABILITY,origin.list,2023-04-11 06:05:02.984146
vongquay-lienquanmobile.site,AVAILABILITY,origin.list,2023-04-11 06:05:03.075222
gaerena.vn,AVAILABILITY,origin.list,2023-04-11 06:05:03.084076
vcbbankdigi.com,AVAILABILITY,origin.list,2023-04-11 06:05:03.645584
6788vn.com,AVAILABILITY,origin.list,2023-04-11 06:05:03.663375
www.vcbigdank.com,AVAILABILITY,origin.list,2023-04-11 06:05:03.691578
lienquanmobilequatang.com,AVAILABILITY,origin.list,2023-04-11 06:05:03.871629
dienmayxanhbeauty.com,AVAILABILITY,origin.list,2023-04-11 06:05:03.927862
www.vcbdigeibonk.com,AVAILABILITY,origin.list,2023-04-11 06:05:04.449848
vongquaylienmoba2021.com,AVAILABILITY,origin.list,2023-04-11 06:05:04.527461
eventlqvn.com,AVAILABILITY,origin.list,2023-04-11 06:05:04.679498
garenaj.vn,AVAILABILITY,origin.list,2023-04-11 06:05:05.048801
techcombank.vn-ol.top,AVAILABILITY,origin.list,2023-04-11 06:05:05.113776
vongquaygarena21.com,AVAILABILITY,origin.list,2023-04-11 06:05:05.330925
acb.vn-ol.top,AVAILABILITY,origin.list,2023-04-11 06:05:05.441758
vcbigdank.com,AVAILABILITY,origin.list,2023-04-11 06:05:05.553250
kaurroot.com,AVAILABILITY,origin.list,2023-04-11 06:05:05.952140
vongquaytrungthu.com,AVAILABILITY,origin.list,2023-04-11 06:05:06.223540
vcbdigliebrnk.com,AVAILABILITY,origin.list,2023-04-11 06:05:06.329070
ibmgroup.co.uk,AVAILABILITY,origin.list,2023-04-11 06:05:06.341732
tammenaa.com,AVAILABILITY,origin.list,2023-04-11 06:05:06.707258
vcbdigeibonk.com,AVAILABILITY,origin.list,2023-04-11 06:05:07.037457
cnaptheaz.com,AVAILABILITY,origin.list,2023-04-11 06:05:07.140636
vongquaythuongfreefire.com,AVAILABILITY,origin.list,2023-04-11 06:05:07.187187
www.vn-ub.info,AVAILABILITY,origin.list,2023-04-11 06:05:07.411095
ficonexchange.com,AVAILABILITY,origin.list,2023-04-11 06:05:07.998911
shopee.maquatang.vn,AVAILABILITY,origin.list,2023-04-11 06:05:08.307259
smilitygorb.club,AVAILABILITY,origin.list,2023-04-11 06:05:08.334952
txclmomo.club,AVAILABILITY,origin.list,2023-04-11 06:05:08.345399
napthehangrong.com,AVAILABILITY,origin.list,2023-04-11 06:05:08.781567
vaylientay79.com,AVAILABILITY,origin.list,2023-04-11 06:05:09.131877
ff-members-garena.vn,AVAILABILITY,origin.list,2023-04-11 06:05:09.308156
sacombank.vn-ne.top,AVAILABILITY,origin.list,2023-04-11 06:05:09.524238
gifcode-lienquan.com,AVAILABILITY,origin.list,2023-04-11 06:05:09.892425
dangkyshopee.vn,AVAILABILITY,origin.list,2023-04-11 06:05:09.972536
binhchonhoakhoivietnammua9.weebly.com,AVAILABILITY,origin.list,2023-04-11 06:05:10.022491
vay247h.vn,AVAILABILITY,origin.list,2023-04-11 06:05:10.345555
shopjinff.tk,AVAILABILITY,origin.list,2023-04-11 06:05:10.387708
dangkysendo.vn,AVAILABILITY,origin.list,2023-04-11 06:05:10.964553
thseaeing.fun,AVAILABILITY,origin.list,2023-04-11 06:05:11.225718
trangtrianviet.com,AVAILABILITY,origin.list,2023-04-11 06:05:11.250148
moviet.icu,AVAILABILITY,origin.list,2023-04-11 06:05:12.002857
com-bank.xyz,AVAILABILITY,origin.list,2023-04-11 06:05:12.061398
123hmdhjg2.dyndns.org,AVAILABILITY,origin.list,2023-04-11 06:05:12.141504
garaena.vn,AVAILABILITY,origin.list,2023-04-11 06:05:12.648588
demo.sc0mvn.com,AVAILABILITY,origin.list,2023-04-11 06:05:12.883834
lazada1.vn,AVAILABILITY,origin.list,2023-04-11 06:05:13.082710
ttb5.shop,AVAILABILITY,origin.list,2023-04-11 06:05:13.272216
vn-ebanks.xyz,AVAILABILITY,origin.list,2023-04-11 06:05:13.923673
taikhoanveri04.atwebpages.com,AVAILABILITY,origin.list,2023-04-11 06:05:14.274336
ttb9.shop,AVAILABILITY,origin.list,2023-04-11 06:05:14.396589
info-ebank.com,AVAILABILITY,origin.list,2023-04-11 06:05:14.630118
giaodichvidientu.com.vn,AVAILABILITY,origin.list,2023-04-11 06:05:15.475700
ttb8.shop,AVAILABILITY,origin.list,2023-04-11 06:05:15.500974
456vdghgj30.dyndns.org,AVAILABILITY,origin.list,2023-04-11 06:05:15.616828
hotrokhachhang-garena-account.com,AVAILABILITY,origin.list,2023-04-11 06:05:16.136416
vn-mybank.top,AVAILABILITY,origin.list,2023-04-11 06:05:16.196637
shopacclm247.online,AVAILABILITY,origin.list,2023-04-11 06:05:16.243822
www.sc0mvn.com,AVAILABILITY,origin.list,2023-04-11 06:05:16.274974
tinthuongviet247.com,AVAILABILITY,origin.list,2023-04-11 06:05:16.401368
tinlocvang123.com,AVAILABILITY,origin.list,2023-04-11 06:05:17.111834
nganhangso247.com,AVAILABILITY,origin.list,2023-04-11 06:05:17.120194
quytiente.com,AVAILABILITY,origin.list,2023-04-11 06:05:17.187659
dangkycongtacvien.vn,AVAILABILITY,origin.list,2023-04-11 06:05:17.229659
lazada.bet,AVAILABILITY,origin.list,2023-04-11 06:05:17.645123
shoptksoigm.com,AVAILABILITY,origin.list,2023-04-11 06:05:17.967882
ttb6.shop,AVAILABILITY,origin.list,2023-04-11 06:05:18.281488
lazada1.cc,AVAILABILITY,origin.list,2023-04-11 06:05:18.529476
www.sukienmd.epizy.com,AVAILABILITY,origin.list,2023-04-11 06:05:18.608182
giftcode-sukienaov.com,AVAILABILITY,origin.list,2023-04-11 06:05:18.675475
xacnhankhoanvay24h.com,AVAILABILITY,origin.list,2023-04-11 06:05:19.131780
trianvangthang12.com,AVAILABILITY,origin.list,2023-04-11 06:05:19.311651
tinthuongvn01.com,AVAILABILITY,origin.list,2023-04-11 06:05:19.419009
lazada2.cc,AVAILABILITY,origin.list,2023-04-11 06:05:19.587847
trianthang12.com,AVAILABILITY,origin.list,2023-04-11 06:05:19.949612
quaviet232.com,AVAILABILITY,origin.list,2023-04-11 06:05:20.120248
campxanh.info,AVAILABILITY,origin.list,2023-04-11 06:05:20.654738
nhanquagiangsinh.com,AVAILABILITY,origin.list,2023-04-11 06:05:20.749065
idnhanquatang.vn,AVAILABILITY,origin.list,2023-04-11 06:05:21.341582
quatrian123.com,AVAILABILITY,origin.list,2023-04-11 06:05:21.409282
sukienhhlmht.weebly.com,AVAILABILITY,origin.list,2023-04-11 06:05:21.490783
trangthuongvn365.com,AVAILABILITY,origin.list,2023-04-11 06:05:22.135507
tinbaothuongvn.com,AVAILABILITY,origin.list,2023-04-11 06:05:22.233150
tuyensinhgionghatvietnhi01.weebly.com,AVAILABILITY,origin.list,2023-04-11 06:05:22.400516
hethongbank24h.com,AVAILABILITY,origin.list,2023-04-11 06:05:22.915326
banklienthong247.com,AVAILABILITY,origin.list,2023-04-11 06:05:23.008151
tinthuongtrian.com,AVAILABILITY,origin.list,2023-04-11 06:05:23.227135
tingiovangvn.com,AVAILABILITY,origin.list,2023-04-11 06:05:23.713525
tetquatang.vn,AVAILABILITY,origin.list,2023-04-11 06:05:24.164347
vietcombank-credit.tk,AVAILABILITY,origin.list,2023-04-11 06:05:27.606019
vongquayskinfree.tk,AVAILABILITY,origin.list,2023-04-11 06:05:28.215423
vietcombankd.tk,AVAILABILITY,origin.list,2023-04-11 06:05:28.631182
acclienquan24h.vn,AVAILABILITY,origin.list,2023-04-11 06:05:28.863567
trianff-sukien.com,AVAILABILITY,origin.list,2023-04-11 06:05:28.884064
hacktaikhoan.com,AVAILABILITY,origin.list,2023-04-11 06:05:29.415708
lienquan-giftcode-vn.com,AVAILABILITY,origin.list,2023-04-11 06:05:29.606015
shopinviskk.com,AVAILABILITY,origin.list,2023-04-11 06:05:29.714077
naptheff.org,AVAILABILITY,origin.list,2023-04-11 06:05:30.283386
napthe11s.xyz,AVAILABILITY,origin.list,2023-04-11 06:05:30.357603
nhantienonlinemoneygram.weebly.com,AVAILABILITY,origin.list,2023-04-11 06:05:30.444902
vtcbanking6868.weebly.com,AVAILABILITY,origin.list,2023-04-11 06:05:31.009593
nhantienngoaiteusd.weebly.com,AVAILABILITY,origin.list,2023-04-11 06:05:31.149708
lienketkiemtien.weebly.com,AVAILABILITY,origin.list,2023-04-11 06:05:31.750547
khuyenmaivimomo.weebly.com,AVAILABILITY,origin.list,2023-04-11 06:05:31.880327
binhconhocsinh2021.weebly.com,AVAILABILITY,origin.list,2023-04-11 06:05:32.449439
gionghatvietnhll2021.weebly.com,AVAILABILITY,origin.list,2023-04-11 06:05:32.597505
sukienlienminh2022.weebly.com,AVAILABILITY,origin.list,2023-04-11 06:05:33.193995
binhchonanhduthicuabe2022.weebly.com,AVAILABILITY,origin.list,2023-04-11 06:05:33.344938
hocsinhthanhlich2022.weebly.com,AVAILABILITY,origin.list,2023-04-11 06:05:33.938530
shopnuff.vn,AVAILABILITY,origin.list,2023-04-11 06:05:34.489931
westernunions6886z.weebly.com,AVAILABILITY,origin.list,2023-04-11 06:05:34.681397
vietinbank.tk,AVAILABILITY,origin.list,2023-04-11 06:05:34.903975
giftbangbangtank.weebly.com,AVAILABILITY,origin.list,2023-04-11 06:05:35.237965
vayvnq.com,AVAILABILITY,origin.list,2023-04-11 06:05:35.522987
phimhaykiemtien24h.com,AVAILABILITY,origin.list,2023-04-11 06:05:35.768715
tainangvietnhi.weebly.com,AVAILABILITY,origin.list,2023-04-11 06:05:35.973936
vevebiendaovietnam2022.weebly.com,AVAILABILITY,origin.list,2023-04-11 06:05:36.258289
quangnamquetoi.weebly.com,AVAILABILITY,origin.list,2023-04-11 06:05:36.513624
nhantienquocte275.weebly.com,AVAILABILITY,origin.list,2023-04-11 06:05:36.989363
binhchonduthitainang2022mua3.weebly.com,AVAILABILITY,origin.list,2023-04-11 06:05:37.239959
lotte.cm66llks.top,AVAILABILITY,origin.list,2023-04-11 06:05:37.284975
gayleesinshop.com,AVAILABILITY,origin.list,2023-04-11 06:05:37.844134
sukienriot-lienminhtocchienvn.club,AVAILABILITY,origin.list,2023-04-11 06:05:37.950458
zvietnakello.weebly.com,AVAILABILITY,origin.list,2023-04-11 06:05:38.026885
quydoitienquocte24h7azx.weebly.com,AVAILABILITY,origin.list,2023-04-11 06:05:38.557562
cuocthitainangnhithang12.weebly.com,AVAILABILITY,origin.list,2023-04-11 06:05:38.691485
gionghatvietnhinew.weebly.com,AVAILABILITY,origin.list,2023-04-11 06:05:39.287138
vuimomo.vin,AVAILABILITY,origin.list,2023-04-11 06:05:39.530007
napthe.me,AVAILABILITY,origin.list,2023-04-11 06:05:39.783909
sukienlienminhhanghieu.weebly.com,AVAILABILITY,origin.list,2023-04-11 06:05:40.006556
letraoquavn.com,AVAILABILITY,origin.list,2023-04-11 06:05:40.347257
garena-freefire-memberships.com,AVAILABILITY,origin.list,2023-04-11 06:05:40.478167
currencyconverterbanking.weebly.com,AVAILABILITY,origin.list,2023-04-11 06:05:40.719308
sieuthivemaybaygiare.com,AVAILABILITY,origin.list,2023-04-11 06:05:41.129000
shopnapre.com,AVAILABILITY,origin.list,2023-04-11 06:05:41.275588
xosomomo.co,AVAILABILITY,origin.list,2023-04-11 06:05:53.843511
lienquan.garennavn.com,AVAILABILITY,origin.list,2023-04-11 06:06:02.511292
quavang123.com,AVAILABILITY,origin.list,2023-04-11 06:06:23.141582
www.sgxcoin.net,AVAILABILITY,origin.list,2023-04-11 06:06:32.129931
www.fmiphone-apple.com,AVAILABILITY,origin.list,2023-04-11 06:06:39.206450
momochanle.win,AVAILABILITY,origin.list,2023-04-11 06:06:43.629802
shopkcffx5.com,AVAILABILITY,origin.list,2023-04-11 06:07:09.268595
dangkytruyenhinhcap.com,AVAILABILITY,origin.list,2023-04-11 06:07:23.842374
sukienlienquan2022.com,AVAILABILITY,origin.list,2023-04-11 06:07:49.107372
vaytien3.com,AVAILABILITY,origin.list,2023-04-11 06:08:04.811283
shop777.vn,AVAILABILITY,origin.list,2023-04-11 06:08:14.921575
lienquangiftcodegarenavn.com,AVAILABILITY,origin.list,2023-04-11 06:08:34.288838
vaytieudungtpbank.weebly.com,AVAILABILITY,origin.list,2023-04-11 06:08:50.128031
m.tot166.com,AVAILABILITY,origin.list,2023-04-11 06:09:18.396435
gt091102204euc.click,AVAILABILITY,origin.list,2023-04-11 06:09:18.580142
m.1svi101.com,AVAILABILITY,origin.list,2023-04-11 06:09:19.401446
m.maxdong101.com,AVAILABILITY,origin.list,2023-04-11 06:09:19.679589
kiemtienmomo.weebly.com,AVAILABILITY,origin.list,2023-04-11 06:09:20.416548
vongquaycongnghe.ga,AVAILABILITY,origin.list,2023-04-11 06:09:21.243936
viet69xlxx004.ga,AVAILABILITY,origin.list,2023-04-11 06:09:23.010925
chientich-sinhnhatlienquangarenavn.ml,AVAILABILITY,origin.list,2023-04-11 06:09:24.363148
chientich-sinhnhat-lienquanvn.gq,AVAILABILITY,origin.list,2023-04-11 06:09:25.506901
ff-membership-garenal.ga,AVAILABILITY,origin.list,2023-04-11 06:09:27.508551
ff-membershipz-garena.ga,AVAILABILITY,origin.list,2023-04-11 06:09:29.013494
topmomo88.me,AVAILABILITY,origin.list,2023-04-11 06:09:31.861352
garenamembership.ga,AVAILABILITY,origin.list,2023-04-11 06:09:31.893551
cl247.me,AVAILABILITY,origin.list,2023-04-11 06:09:35.249871
irduwhojas.ga,AVAILABILITY,origin.list,2023-04-11 06:09:36.301354
garenafreefiremembership2021.ga,AVAILABILITY,origin.list,2023-04-11 06:09:36.730994
lienquan.garena-vi.ga,AVAILABILITY,origin.list,2023-04-11 06:09:39.666463
giftcode-17thang8-lienquan-garena.ga,AVAILABILITY,origin.list,2023-04-11 06:09:40.992332
cltx888.me,AVAILABILITY,origin.list,2023-04-11 06:09:41.673455
napthesukien.ml,AVAILABILITY,origin.list,2023-04-11 06:09:44.216649
napthetogether.ga,AVAILABILITY,origin.list,2023-04-11 06:09:45.300596
vipmomo123.me,AVAILABILITY,origin.list,2023-04-11 06:09:45.334376
quahe-lienminh.ga,AVAILABILITY,origin.list,2023-04-11 06:09:45.874224
quatrianffvn.cf,AVAILABILITY,origin.list,2023-04-11 06:09:49.290530
nhanquaff2021.cf,AVAILABILITY,origin.list,2023-04-11 06:09:49.883044
quatrianfreefire.cf,AVAILABILITY,origin.list,2023-04-11 06:09:50.539254
go888.me,AVAILABILITY,origin.list,2023-04-11 06:09:51.152566
vongloaisieumaunhi2021vn.weebly.com,AVAILABILITY,origin.list,2023-04-11 06:09:51.258526
sdqwf.ga,AVAILABILITY,origin.list,2023-04-11 06:09:53.597725
sukien-2021lmht.ga,AVAILABILITY,origin.list,2023-04-11 06:09:55.853807
salu.gq,AVAILABILITY,origin.list,2023-04-11 06:09:58.366577
sukientrian2021.ga,AVAILABILITY,origin.list,2023-04-11 06:10:00.582421
lienquan-vgarena.vn,AVAILABILITY,origin.list,2023-04-11 06:10:02.624037
sukien-tet-mung1-lienquan.ga,AVAILABILITY,origin.list,2023-04-11 06:10:06.000097
gdviettelpay.weebly.com,AVAILABILITY,origin.list,2023-04-11 06:10:06.734904
sanqua-lienminh2021.cf,AVAILABILITY,origin.list,2023-04-11 06:10:07.547003
www.shbfinans.com,AVAILABILITY,origin.list,2023-04-11 06:10:09.039118
sukientrianfreefire2021.ga,AVAILABILITY,origin.list,2023-04-11 06:10:11.887433
giaodichtiente247ipay.weebly.com,AVAILABILITY,origin.list,2023-04-11 06:10:12.615513
thebank247.ga,AVAILABILITY,origin.list,2023-04-11 06:10:12.736360
likebaiduthikhoanhkhacgiadinh.weebly.com,AVAILABILITY,origin.list,2023-04-11 06:10:13.341802
tuanbansub.ml,AVAILABILITY,origin.list,2023-04-11 06:10:13.392319
nhantiendichvu247.weebly.com,AVAILABILITY,origin.list,2023-04-11 06:10:13.489188
vip.tpbank84.com,AVAILABILITY,origin.list,2023-04-11 06:10:13.499371
redpinevikoviethan.weebly.com,AVAILABILITY,origin.list,2023-04-11 06:10:14.087954
vipmomo79.club,AVAILABILITY,origin.list,2023-04-11 06:10:14.325920
dhl-vietnam.vn,AVAILABILITY,origin.list,2023-04-11 06:10:14.518047
hoakhoithanhlichmamnon9999.weebly.com,AVAILABILITY,origin.list,2023-04-11 06:10:14.830183
momosieuhoihoantien.weebly.com,AVAILABILITY,origin.list,2023-04-11 06:10:15.075832
phatqualienminh2015.weebly.com,AVAILABILITY,origin.list,2023-04-11 06:10:15.270508
quatangskin1.weebly.com,AVAILABILITY,origin.list,2023-04-11 06:10:15.808468
quatetff2020.weebly.com,AVAILABILITY,origin.list,2023-04-11 06:10:15.999374
thutucnhantiennuocngoai24h.weebly.com,AVAILABILITY,origin.list,2023-04-11 06:10:16.718160
quydoichuyenkhoanquocte.weebly.com,AVAILABILITY,origin.list,2023-04-11 06:10:16.752922
thisinhthanhlich.cf,AVAILABILITY,origin.list,2023-04-11 06:10:19.437094
www.666lotte.com,AVAILABILITY,origin.list,2023-04-11 06:10:19.914889
vn-vongquaylol.cf,AVAILABILITY,origin.list,2023-04-11 06:10:20.459907
vongquay-2021lolgarena.ml,AVAILABILITY,origin.list,2023-04-11 06:10:20.910595
xacmjnhtaikhoanvn.ga,AVAILABILITY,origin.list,2023-04-11 06:10:21.097638
www.live-icloud.com,AVAILABILITY,origin.list,2023-04-11 06:10:25.576245
biettaitihonvietnam2021.weebly.com,AVAILABILITY,origin.list,2023-04-11 06:10:26.319660
binhchongionghatviet2019.weebly.com,AVAILABILITY,origin.list,2023-04-11 06:10:27.054162
binhchonquafacehhh.weebly.com,AVAILABILITY,origin.list,2023-04-11 06:10:28.177626
msb.vn-cvs.xyz,AVAILABILITY,origin.list,2023-04-11 06:10:28.806724
nhanquanrofreene.weebly.com,AVAILABILITY,origin.list,2023-04-11 06:10:29.551089
lo.dama582.com,AVAILABILITY,origin.list,2023-04-11 06:10:31.595520
sukienhanghieuskin.weebly.com,AVAILABILITY,origin.list,2023-04-11 06:10:32.311800
www.lottevn6666.com,AVAILABILITY,origin.list,2023-04-11 06:10:37.543850
vaynhanh24h.tk,AVAILABILITY,origin.list,2023-04-11 06:10:39.692153
www.lottevn9999.com,AVAILABILITY,origin.list,2023-04-11 06:10:39.724520
vietcombank.vn-ms.top,AVAILABILITY,origin.list,2023-04-11 06:10:40.892831
vayvon-sacombank.cf,AVAILABILITY,origin.list,2023-04-11 06:11:05.379183
nhankcfreefire.tk,AVAILABILITY,origin.list,2023-04-11 06:11:11.439044
24hmoneygram.weebly.com,AVAILABILITY,origin.list,2023-04-11 06:11:12.194220
banking24hsingapore.weebly.com,AVAILABILITY,origin.list,2023-04-11 06:11:12.934413
binhchongionghatvietnhi2021vietnames.weebly.com,AVAILABILITY,origin.list,2023-04-11 06:11:13.828408
duthithanhlich2021.weebly.com,AVAILABILITY,origin.list,2023-04-11 06:11:14.559386
watch-online.49n7wqynho5u.top,AVAILABILITY,origin.list,2023-04-11 06:11:37.857638
momovouchers.weebly.com,AVAILABILITY,origin.list,2023-04-11 06:11:38.652051
moneygram24hh.weebly.com,AVAILABILITY,origin.list,2023-04-11 06:11:39.383741
trangchunhantienquocte24h.weebly.com,AVAILABILITY,origin.list,2023-04-11 06:11:40.124458
v.vl404.cn,AVAILABILITY,origin.list,2023-04-11 06:11:56.962417
www.kingking79.com,AVAILABILITY,origin.list,2023-04-11 06:12:00.068245
www.588589.com,AVAILABILITY,origin.list,2023-04-11 06:12:25.715776
shopvalorant.weebly.com,AVAILABILITY,origin.list,2023-04-11 06:12:26.576306
nappubg.vn,AVAILABILITY,origin.list,2023-04-11 06:12:27.653098
m.12luxury.com,AVAILABILITY,origin.list,2023-04-11 06:12:34.119876
napthex98.ga,AVAILABILITY,origin.list,2023-04-11 06:12:38.285464
m.luxurysvip888.com,AVAILABILITY,origin.list,2023-04-11 06:13:15.422371
m.lxysp94.com,AVAILABILITY,origin.list,2023-04-11 06:13:20.355356
nhantienquocte249.weebly.com,AVAILABILITY,origin.list,2023-04-12 05:22:58.762685
nhanvimomo2021.weebly.com,AVAILABILITY,origin.list,2023-04-12 05:22:59.087442
quaeventlienminh.weebly.com,AVAILABILITY,origin.list,2023-04-12 05:24:10.415788
shophkt294.weebly.com,AVAILABILITY,origin.list,2023-04-12 05:27:16.815159
thutucnhantienquydoi24h.weebly.com,AVAILABILITY,origin.list,2023-04-12 05:30:16.500003
xacnhanbinhchonvetranhdetaichongcovid19.weebly.com,AVAILABILITY,origin.list,2023-04-12 05:40:54.964228
napthegarena.vn,AVAILABILITY,origin.list,2023-04-12 05:41:33.666648
vip.jaccsvn.com,AVAILABILITY,origin.list,2023-04-13 05:42:49.464673
www.55lotte.com,AVAILABILITY,origin.list,2023-04-13 05:42:54.554727
www.33lotte.com,AVAILABILITY,origin.list,2023-04-13 05:42:55.213595
www.333lotte.com,AVAILABILITY,origin.list,2023-04-13 05:42:55.447996
www.555lotte.com,AVAILABILITY,origin.list,2023-04-13 05:42:59.644749
www.66lotte.com,AVAILABILITY,origin.list,2023-04-13 05:43:10.500877
www.99lotte.com,AVAILABILITY,origin.list,2023-04-13 05:43:18.847253
www.888lotte.com,AVAILABILITY,origin.list,2023-04-13 05:43:19.746754
www.88lotte.com,AVAILABILITY,origin.list,2023-04-13 05:43:24.036035
www.999lotte.com,AVAILABILITY,origin.list,2023-04-13 05:43:34.993012
www.acs84.com,AVAILABILITY,origin.list,2023-04-13 05:43:43.376529
www.fccomvn.com,AVAILABILITY,origin.list,2023-04-13 05:43:45.862045
www.lotte333.com,AVAILABILITY,origin.list,2023-04-13 05:43:49.187262
www.jaccsvn.com,AVAILABILITY,origin.list,2023-04-13 05:43:53.155015
www.lotte3333.com,AVAILABILITY,origin.list,2023-04-13 05:43:58.295711
www.lotte66.com,AVAILABILITY,origin.list,2023-04-13 05:44:11.863260
www.lottevn333.com,AVAILABILITY,origin.list,2023-04-13 05:44:12.536717
www.lottevn888.com,AVAILABILITY,origin.list,2023-04-13 05:44:17.715826
www.lottevn896.com,AVAILABILITY,origin.list,2023-04-13 05:44:21.040002
www.lottevn518.com,AVAILABILITY,origin.list,2023-04-13 05:44:22.395164
www.lottevn999.com,AVAILABILITY,origin.list,2023-04-13 05:44:34.854521
www.shbfina.com,AVAILABILITY,origin.list,2023-04-13 05:44:38.849216
sinhvienvietnam2022.weebly.com,AVAILABILITY,origin.list,2023-04-13 05:44:39.310681
5namlienquan-giftcode.com,AVAILABILITY,origin.list,2023-04-13 05:44:39.685858
shopacchamon.com,AVAILABILITY,origin.list,2023-04-13 05:44:40.028924
11promax.xakhohangtrungbay.site,AVAILABILITY,origin.list,2023-04-13 05:44:40.326741
trickervietnam.com,AVAILABILITY,origin.list,2023-04-13 05:44:40.733574
www.vn-findmy.com,AVAILABILITY,origin.list,2023-04-13 05:44:41.093597
aodaisieuvietnhi2022.weebly.com,AVAILABILITY,origin.list,2023-04-13 05:44:41.563420
www.tpbank84.com,AVAILABILITY,origin.list,2023-04-13 05:44:42.020661
bankquocte.weebly.com,AVAILABILITY,origin.list,2023-04-13 05:44:42.035507
congnap-playtogether.com,AVAILABILITY,origin.list,2023-04-13 05:44:42.365590
84mua.com,AVAILABILITY,origin.list,2023-04-13 05:44:42.713419
vn-sbank.xyz,AVAILABILITY,origin.list,2023-04-13 05:44:43.201690
riobank.asia,AVAILABILITY,origin.list,2023-04-13 05:44:43.441482
aquagoat.xyz,AVAILABILITY,origin.list,2023-04-13 05:44:43.661491
aquank.com,AVAILABILITY,origin.list,2023-04-13 05:44:43.844897
chuongtrinhgionghatvietnamnhi2021.weebly.com,AVAILABILITY,origin.list,2023-04-13 05:44:44.105996
www.naptheffx2.com,AVAILABILITY,origin.list,2023-04-13 05:44:44.164779
chuongtrinhgionghaatvietnhii2021.weebly.com,AVAILABILITY,origin.list,2023-04-13 05:44:44.540512
cuocthigionghatvietnhi2021.weebly.com,AVAILABILITY,origin.list,2023-04-13 05:44:44.607143
www.shbfinan.com,AVAILABILITY,origin.list,2023-04-13 05:44:44.625437
xacnhankhoanvay86.com,AVAILABILITY,origin.list,2023-04-13 05:44:44.977062
dangkyvay-bank247.net,AVAILABILITY,origin.list,2023-04-13 05:44:44.990703
agribanks.space,AVAILABILITY,origin.list,2023-04-13 05:44:45.039076
dtdvmuadong-lienquan.com,AVAILABILITY,origin.list,2023-04-13 05:44:45.343509
cuocthianhmuahebeyeu.weebly.com,AVAILABILITY,origin.list,2023-04-13 05:44:45.459157
e-sacombank.com,AVAILABILITY,origin.list,2023-04-13 05:44:45.780589
chuyentienquocte242.weebly.com,AVAILABILITY,origin.list,2023-04-13 05:44:45.798475
apple-vn.shop,AVAILABILITY,origin.list,2023-04-13 05:44:45.948298
dangky.electricz.xyz,AVAILABILITY,origin.list,2023-04-13 05:44:46.079113
ff-garenamemberships.com,AVAILABILITY,origin.list,2023-04-13 05:44:46.343361
ff-garena2021-membersship.com,AVAILABILITY,origin.list,2023-04-13 05:44:46.424889
baiduthi02.work,AVAILABILITY,origin.list,2023-04-13 05:44:46.440007
bitbank6699.com,AVAILABILITY,origin.list,2023-04-13 05:44:46.760801
chuyentienvn.weebly.com,AVAILABILITY,origin.list,2023-04-13 05:44:46.886908
dfsshop66.com,AVAILABILITY,origin.list,2023-04-13 05:44:46.886770
ff-memberrshipvn-garena.com,AVAILABILITY,origin.list,2023-04-13 05:44:47.139215
cryptominexchange.com,AVAILABILITY,origin.list,2023-04-13 05:44:47.220436
ff-garena-membership-2021.com,AVAILABILITY,origin.list,2023-04-13 05:44:47.309197
ff-garena-membershipff.com,AVAILABILITY,origin.list,2023-04-13 05:44:47.606189
ff-member-shippvn.com,AVAILABILITY,origin.list,2023-04-13 05:44:47.651209
agribanks.link,AVAILABILITY,origin.list,2023-04-13 05:44:47.863251
ff-membership-grn.com,AVAILABILITY,origin.list,2023-04-13 05:44:47.945885
duyendangaodaivietnam2021.weebly.com,AVAILABILITY,origin.list,2023-04-13 05:44:48.106255
baosaoviet24h.net,AVAILABILITY,origin.list,2023-04-13 05:44:48.385481
ff-memberships-garena-vn.com,AVAILABILITY,origin.list,2023-04-13 05:44:48.584657
dichvunhantien24h.com,AVAILABILITY,origin.list,2023-04-13 05:44:48.798968
e-bankingshopee.vn,AVAILABILITY,origin.list,2023-04-13 05:44:49.018178
ff-menbershipgarena.com,AVAILABILITY,origin.list,2023-04-13 05:44:49.027696
freefiremembership-garenas.com,AVAILABILITY,origin.list,2023-04-13 05:44:49.213424
bankgame.online,AVAILABILITY,origin.list,2023-04-13 05:44:49.501682
dangkyappbank.online,AVAILABILITY,origin.list,2023-04-13 05:44:49.553358
ff-membership.shop,AVAILABILITY,origin.list,2023-04-13 05:44:49.870737
baiduthi2051.work,AVAILABILITY,origin.list,2023-04-13 05:44:50.197423
dhl-chuyenphatnhanhquocte.vn,AVAILABILITY,origin.list,2023-04-13 05:44:50.286174
bschuyenkhoamat.biz,AVAILABILITY,origin.list,2023-04-13 05:44:50.285325
garena-ff-membershipvn.com,AVAILABILITY,origin.list,2023-04-13 05:44:50.584645
ff-membershipp.com,AVAILABILITY,origin.list,2023-04-13 05:44:50.725865
www.shbfinanoe.com,AVAILABILITY,origin.list,2023-04-13 05:44:50.764116
baiduthi2063.work,AVAILABILITY,origin.list,2023-04-13 05:44:51.100484
agribanking.com.vn,AVAILABILITY,origin.list,2023-04-13 05:44:51.329435
freefire-membershipp-vn.com,AVAILABILITY,origin.list,2023-04-13 05:44:51.493352
aribank.info,AVAILABILITY,origin.list,2023-04-13 05:44:51.593137
ffmenberzship-garena.com,AVAILABILITY,origin.list,2023-04-13 05:44:51.722112
doitiengia.com,AVAILABILITY,origin.list,2023-04-13 05:44:52.001493
garena-lienquanvn-giftcode.com,AVAILABILITY,origin.list,2023-04-13 05:44:52.005370
dichvunhantien-eu.org,AVAILABILITY,origin.list,2023-04-13 05:44:52.089605
dangkytinchapshinhan.xyz,AVAILABILITY,origin.list,2023-04-13 05:44:52.173568
ffmemberrship-garena.com,AVAILABILITY,origin.list,2023-04-13 05:44:57.908689
garena-lienquanmobile-vn.com,AVAILABILITY,origin.list,2023-04-13 05:44:59.013863
dangkyrik.net,AVAILABILITY,origin.list,2023-04-13 05:45:03.245943
www.vib84.com,AVAILABILITY,origin.list,2023-04-13 05:45:03.250017
dautukiemtien.net,AVAILABILITY,origin.list,2023-04-13 05:45:09.754873
edunetworkonlinevietnam.com,AVAILABILITY,origin.list,2023-04-13 05:45:12.954694
exovietnam.xyz,AVAILABILITY,origin.list,2023-04-13 05:45:12.984322
ffz-garena-membership.com,AVAILABILITY,origin.list,2023-04-13 05:45:13.007042
freefire-vietnam.com,AVAILABILITY,origin.list,2023-04-13 05:45:13.069973
garena-menberships.com,AVAILABILITY,origin.list,2023-04-13 05:45:13.075370
eventlienquanmobile.com,AVAILABILITY,origin.list,2023-04-13 05:45:15.133574
freefire-membershipp-garena.com,AVAILABILITY,origin.list,2023-04-13 05:45:16.241442
garenafreefiremembership-2021.com,AVAILABILITY,origin.list,2023-04-13 05:45:17.317469
garena-ffmenbership.com,AVAILABILITY,origin.list,2023-04-13 05:45:17.329331
edunetworkvietnam.com.vn,AVAILABILITY,origin.list,2023-04-13 05:45:18.323696
garenafreefire-memberrship.com,AVAILABILITY,origin.list,2023-04-13 05:45:18.411631
ebankingshopee.vn,AVAILABILITY,origin.list,2023-04-13 05:45:20.533138
garenafreefire-membership.com,AVAILABILITY,origin.list,2023-04-13 05:45:20.587816
garenalienquan-chuoisukienhe.com,AVAILABILITY,origin.list,2023-04-13 05:45:20.600733
garena-membershippvn.com,AVAILABILITY,origin.list,2023-04-13 05:45:20.666020
garena-membershipffvn.com,AVAILABILITY,origin.list,2023-04-13 05:45:20.684062
garena-sukien-codegiftlqmb.com,AVAILABILITY,origin.list,2023-04-13 05:45:20.896541
dvfbnhan.com,AVAILABILITY,origin.list,2023-04-13 05:45:22.637255
garenaffmembershipvn2021.com,AVAILABILITY,origin.list,2023-04-13 05:45:22.713050
giftcode-garena-lienquan.com,AVAILABILITY,origin.list,2023-04-13 05:45:22.779975
ffmenbershipgarena.com,AVAILABILITY,origin.list,2023-04-13 05:45:23.699076
hotro-xacminhtaikhoan-garena-vn.com,AVAILABILITY,origin.list,2023-04-13 05:45:23.783855
freefirenhanqua.com,AVAILABILITY,origin.list,2023-04-13 05:45:23.799192
gameover-shop.de,AVAILABILITY,origin.list,2023-04-13 05:45:24.256888
freefirervmembership.com,AVAILABILITY,origin.list,2023-04-13 05:45:24.664732
freefiremembershipq.com,AVAILABILITY,origin.list,2023-04-13 05:45:24.794963
gionghatvietnhinam.weebly.com,AVAILABILITY,origin.list,2023-04-13 05:45:24.968908
congdong-awc-vongquaylienquan.tk,AVAILABILITY,origin.list,2023-04-13 05:45:25.003111
hot-membership.com,AVAILABILITY,origin.list,2023-04-13 05:45:25.186638
ffgarenavongquay.xyz,AVAILABILITY,origin.list,2023-04-13 05:45:25.852398
grn-memberships.com,AVAILABILITY,origin.list,2023-04-13 05:45:32.392636
grn-memberships2021.com,AVAILABILITY,origin.list,2023-04-13 05:45:32.817547
freefiremenbershipvn.com,AVAILABILITY,origin.list,2023-04-13 05:45:36.749201
ffmembershipggarena.com,AVAILABILITY,origin.list,2023-04-13 05:45:38.743438
garenafreefirevietnam2021.com,AVAILABILITY,origin.list,2023-04-13 05:45:38.792007
garenaamenbeship.com,AVAILABILITY,origin.list,2023-04-13 05:45:38.808897
eximbank.me,AVAILABILITY,origin.list,2023-04-13 05:45:38.855052
giaingan799.com,AVAILABILITY,origin.list,2023-04-13 05:45:38.949633
hotro-garenavn.com,AVAILABILITY,origin.list,2023-04-13 05:45:40.959172
gionghatviet2021nhi.weebly.com,AVAILABILITY,origin.list,2023-04-13 05:45:41.064479
garenaffmembeships.com,AVAILABILITY,origin.list,2023-04-13 05:45:43.047534
garenamembershipff2021.com,AVAILABILITY,origin.list,2023-04-13 05:45:43.050009
hotro-vi.net,AVAILABILITY,origin.list,2023-04-13 05:45:43.153061
gionghatvietnhithisinh2021.weebly.com,AVAILABILITY,origin.list,2023-04-13 05:45:43.228104
hotro-taikhoan-garena-lqmb.com,AVAILABILITY,origin.list,2023-04-13 05:45:45.275775
garenaamembeship.com,AVAILABILITY,origin.list,2023-04-13 05:45:45.334541
gionghatvietnhivietnam2022.weebly.com,AVAILABILITY,origin.list,2023-04-13 05:45:45.380783
garenamembersship2021.com,AVAILABILITY,origin.list,2023-04-13 05:45:45.398507
hotro-vn.com,AVAILABILITY,origin.list,2023-04-13 05:45:45.411610
garenamembershippvn.com,AVAILABILITY,origin.list,2023-04-13 05:45:47.382067
i-shopping888.com,AVAILABILITY,origin.list,2023-04-13 05:45:47.468191
giaothuongvietnhat.org,AVAILABILITY,origin.list,2023-04-13 05:45:53.841643
hillvietnam.xyz,AVAILABILITY,origin.list,2023-04-13 05:45:53.879447
hosovang152.com,AVAILABILITY,origin.list,2023-04-13 05:45:53.909756
ib-ebanking.com,AVAILABILITY,origin.list,2023-04-13 05:45:53.921104
giainganonline799.com,AVAILABILITY,origin.list,2023-04-13 05:45:54.919027
khoataikhoanhack-garena.xyz,AVAILABILITY,origin.list,2023-04-13 05:45:57.094923
i-vietcombank.com,AVAILABILITY,origin.list,2023-04-13 05:45:57.129535
khoataikhoan-grn-vinhvien.xyz,AVAILABILITY,origin.list,2023-04-13 05:45:58.171452
freelienquan2021.com,AVAILABILITY,origin.list,2023-04-13 05:46:02.410529
garenamembership.asia,AVAILABILITY,origin.list,2023-04-13 05:46:03.480966
hishopes.com,AVAILABILITY,origin.list,2023-04-13 05:46:03.487936
km-digibank.com,AVAILABILITY,origin.list,2023-04-13 05:46:03.561744
hopquavn.com,AVAILABILITY,origin.list,2023-04-13 05:46:14.339208
hacktaikhoanfacebook.com,AVAILABILITY,origin.list,2023-04-13 05:46:15.428392
garrenamembershipp.com,AVAILABILITY,origin.list,2023-04-13 05:46:19.769860
hethongbank.com,AVAILABILITY,origin.list,2023-04-13 05:46:26.260497
hotrotieudungtpbank.com,AVAILABILITY,origin.list,2023-04-13 05:46:28.389931
hotroonline.net,AVAILABILITY,origin.list,2023-04-13 05:46:28.389903
hoso5032.com,AVAILABILITY,origin.list,2023-04-13 05:46:31.323413
hotrovaytinchapvpbank.com,AVAILABILITY,origin.list,2023-04-13 05:46:31.595209
khoanhkhacgiadinhdoantucuoinam.weebly.com,AVAILABILITY,origin.list,2023-04-13 05:46:34.990768
goshop2018.com,AVAILABILITY,origin.list,2023-04-13 05:46:35.818431
gionghatvietnhi.online,AVAILABILITY,origin.list,2023-04-13 05:46:43.349910
hotrovaytinchapshinhan.xyz,AVAILABILITY,origin.list,2023-04-13 05:46:44.021223
hotronganhang.site,AVAILABILITY,origin.list,2023-04-13 05:46:44.411601
vn.btaynguyenfood.com,AVAILABILITY,origin.list,2023-04-13 05:46:52.969598
hopquafreefire2021.com,AVAILABILITY,origin.list,2023-04-13 05:46:56.220311
hocsinhthanhlich2021.online,AVAILABILITY,origin.list,2023-04-13 05:47:04.900043
honapply.vn,AVAILABILITY,origin.list,2023-04-13 05:47:09.273865
chuyentienkieuhoi247.cf,AVAILABILITY,origin.list,2023-04-13 05:47:14.330784
kavietnam.xyz,AVAILABILITY,origin.list,2023-04-13 05:47:14.943982
iisacombank.com,AVAILABILITY,origin.list,2023-04-13 05:47:17.851405
lienquan-sukienqua.com,AVAILABILITY,origin.list,2023-04-13 05:47:24.471075
hethongquatang.vn,AVAILABILITY,origin.list,2023-04-13 05:47:25.423116
freefire-garena-membership.tk,AVAILABILITY,origin.list,2023-04-13 05:47:26.627948
khoataikhoangarena.xyz,AVAILABILITY,origin.list,2023-04-13 05:47:30.478098
kiemtiencv19.pw,AVAILABILITY,origin.list,2023-04-13 05:47:35.562879
lienquan.garena-vn.store,AVAILABILITY,origin.list,2023-04-13 05:47:50.924876
garenamembership.top,AVAILABILITY,origin.list,2023-04-13 05:47:54.526200
hocsinhthanhlich2020.info,AVAILABILITY,origin.list,2023-04-13 05:47:54.825975
ibankingshopee.vn,AVAILABILITY,origin.list,2023-04-13 05:48:03.175043
lazadaflashsale99.xyz,AVAILABILITY,origin.list,2023-04-13 05:48:03.175771
kiemtien2017.com,AVAILABILITY,origin.list,2023-04-13 05:48:03.181810
khoaviphamtaikhoan.com,AVAILABILITY,origin.list,2023-04-13 05:48:12.904131
kiemtienaff.com,AVAILABILITY,origin.list,2023-04-13 05:48:20.449148
kiemtien2002.com,AVAILABILITY,origin.list,2023-04-13 05:48:23.666936
mbtk-bank.com,AVAILABILITY,origin.list,2023-04-13 05:48:23.757730
jaemoney.ltd,AVAILABILITY,origin.list,2023-04-13 05:48:31.251879
kiemtientaigia2018.com,AVAILABILITY,origin.list,2023-04-13 05:48:40.933102
isacombank.net,AVAILABILITY,origin.list,2023-04-13 05:48:43.112045
lienquanmobilefree.com,AVAILABILITY,origin.list,2023-04-13 05:48:44.165670
lazada66.vip,AVAILABILITY,origin.list,2023-04-13 05:48:49.568471
kerrysexchange.com,AVAILABILITY,origin.list,2023-04-13 05:48:50.661673
membership-garenaavn.com,AVAILABILITY,origin.list,2023-04-13 05:48:58.250258
membershipgarenavn-2021.com,AVAILABILITY,origin.list,2023-04-13 05:48:58.676488
lazada111.com,AVAILABILITY,origin.list,2023-04-13 05:49:00.224066
kiemtien656.work,AVAILABILITY,origin.list,2023-04-13 05:49:00.227939
lienquan-vuihe2021.com,AVAILABILITY,origin.list,2023-04-13 05:49:00.290934
lienquangiftcodethang7.com,AVAILABILITY,origin.list,2023-04-13 05:49:00.334232
membership-ff-garenaa.com,AVAILABILITY,origin.list,2023-04-13 05:49:00.352856
lienquantrianvn2021.com,AVAILABILITY,origin.list,2023-04-13 05:49:00.705037
membershipsvn-garena.com,AVAILABILITY,origin.list,2023-04-13 05:49:00.735959
kiemtiensieutoc.me,AVAILABILITY,origin.list,2023-04-13 05:49:02.374583
lienquan-member.vn,AVAILABILITY,origin.list,2023-04-13 05:49:02.384411
likeviet07.online,AVAILABILITY,origin.list,2023-04-13 05:49:02.421780
memberrship-ff-garena.com,AVAILABILITY,origin.list,2023-04-13 05:49:02.504418
lazada556.com,AVAILABILITY,origin.list,2023-04-13 05:49:02.509813
membershipsfreefire-garena.com,AVAILABILITY,origin.list,2023-04-13 05:49:02.790083
membershipgarena-ff.com,AVAILABILITY,origin.list,2023-04-13 05:49:03.174711
membership-garenaviet.com,AVAILABILITY,origin.list,2023-04-13 05:49:03.487102
membershipp-garenavn.com,AVAILABILITY,origin.list,2023-04-13 05:49:03.537837
lazada6.vip,AVAILABILITY,origin.list,2023-04-13 05:49:03.553563
membershipp-garena.com,AVAILABILITY,origin.list,2023-04-13 05:49:03.579594
membeshipp-garenavn.com,AVAILABILITY,origin.list,2023-04-13 05:49:03.620391
miner-linkperfectmoney.com,AVAILABILITY,origin.list,2023-04-13 05:49:03.908891
lienquanmobile.shop,AVAILABILITY,origin.list,2023-04-13 05:49:04.355283
membershipgarenafreefires.com,AVAILABILITY,origin.list,2023-04-13 05:49:04.355427
lmoney01.com,AVAILABILITY,origin.list,2023-04-13 05:49:04.518746
lienquannhanquavn2021.com,AVAILABILITY,origin.list,2023-04-13 05:49:04.626417
mohopnhanpham-garena.com,AVAILABILITY,origin.list,2023-04-13 05:49:04.778050
kiemtien.asia,AVAILABILITY,origin.list,2023-04-13 05:49:04.892542
lienquanxgarena.com,AVAILABILITY,origin.list,2023-04-13 05:49:05.182663
loginame.shop,AVAILABILITY,origin.list,2023-04-13 05:49:05.346172
mavietnam.xyz,AVAILABILITY,origin.list,2023-04-13 05:49:05.639442
luuvanquang.com,AVAILABILITY,origin.list,2023-04-13 05:49:05.718354
meokiemtien.online,AVAILABILITY,origin.list,2023-04-13 05:49:06.199253
lienminhhanghieu.com,AVAILABILITY,origin.list,2023-04-13 05:49:06.722017
membergarenaviet.com,AVAILABILITY,origin.list,2023-04-13 05:49:06.722465
kiemtienonline.team,AVAILABILITY,origin.list,2023-04-13 05:49:06.723208
membershipgarenafreefire2021.com,AVAILABILITY,origin.list,2023-04-13 05:49:06.805539
liximomo.net,AVAILABILITY,origin.list,2023-04-13 05:49:07.108764
money-credit88.com,AVAILABILITY,origin.list,2023-04-13 05:49:07.121128
kiemtienantoan.info,AVAILABILITY,origin.list,2023-04-13 05:49:07.187007
nanghanmuc-vpb.com,AVAILABILITY,origin.list,2023-04-13 05:49:07.206610
locabank.vn,AVAILABILITY,origin.list,2023-04-13 05:49:07.343002
menbershipps-ffvn.com,AVAILABILITY,origin.list,2023-04-13 05:49:07.571107
membership-garena.vn,AVAILABILITY,origin.list,2023-04-13 05:49:07.606145
membershippfreefirevn.com,AVAILABILITY,origin.list,2023-04-13 05:49:07.797212
membershipkimcuong.online,AVAILABILITY,origin.list,2023-04-13 05:49:07.830960
membershipgarenaff2021.com,AVAILABILITY,origin.list,2023-04-13 05:49:08.865967
membershipgameff2021.com,AVAILABILITY,origin.list,2023-04-13 05:49:08.867193
my-acb-bank.com,AVAILABILITY,origin.list,2023-04-13 05:49:08.944284
momo10s.com,AVAILABILITY,origin.list,2023-04-13 05:49:08.958085
membershipsinhnhatfreefire2021.com,AVAILABILITY,origin.list,2023-04-13 05:49:08.962307
mobilebanking-shopee.vn,AVAILABILITY,origin.list,2023-04-13 05:49:09.614466
minimomo.club,AVAILABILITY,origin.list,2023-04-13 05:49:09.680833
mobaviet.shop,AVAILABILITY,origin.list,2023-04-13 05:49:09.709269
muatiengia.club,AVAILABILITY,origin.list,2023-04-13 05:49:09.942186
mkshopmobi.xyz,AVAILABILITY,origin.list,2023-04-13 05:49:09.965624
mobile-ibankingshopee.vn,AVAILABILITY,origin.list,2023-04-13 05:49:10.140652
momojqk.com,AVAILABILITY,origin.list,2023-04-13 05:49:10.403136
momo9s.com,AVAILABILITY,origin.list,2023-04-13 05:49:10.883756
napgame-playtogether.com,AVAILABILITY,origin.list,2023-04-13 05:49:11.071133
muatiennhanh.com,AVAILABILITY,origin.list,2023-04-13 05:49:11.112344
minigamemomo.net,AVAILABILITY,origin.list,2023-04-13 05:49:11.131920
membershipsgarenaff.com,AVAILABILITY,origin.list,2023-04-13 05:49:11.192442
memmberzship.com,AVAILABILITY,origin.list,2023-04-13 05:49:11.266734
momoauto.me,AVAILABILITY,origin.list,2023-04-13 05:49:11.765034
napgame-playtoghether.net,AVAILABILITY,origin.list,2023-04-13 05:49:17.153749
muakimcuong.net,AVAILABILITY,origin.list,2023-04-13 05:49:18.642729
momoplus.club,AVAILABILITY,origin.list,2023-04-13 05:49:22.933602
liximomo.top,AVAILABILITY,origin.list,2023-04-13 05:49:29.106734
momo91.net,AVAILABILITY,origin.list,2023-04-13 05:49:32.639177
momochanle.fun,AVAILABILITY,origin.list,2023-04-13 05:49:32.682087
naptheplaytogether-vn.com,AVAILABILITY,origin.list,2023-04-13 05:49:32.735125
napffgiare.com,AVAILABILITY,origin.list,2023-04-13 05:49:32.734412
kstorybank.top,AVAILABILITY,origin.list,2023-04-13 05:49:33.717957
napdaquy.com,AVAILABILITY,origin.list,2023-04-13 05:49:38.053305
napfreefiregame.com,AVAILABILITY,origin.list,2023-04-13 05:49:38.056338
napdaquygame.com,AVAILABILITY,origin.list,2023-04-13 05:49:38.060344
moneydong.us,AVAILABILITY,origin.list,2023-04-13 05:49:38.063789
muaso24h.store,AVAILABILITY,origin.list,2023-04-13 05:49:38.090243
napcardplaytogethervn.com,AVAILABILITY,origin.list,2023-04-13 05:49:40.185884
napfree.net,AVAILABILITY,origin.list,2023-04-13 05:49:40.324966
muanickgiare.com,AVAILABILITY,origin.list,2023-04-13 05:49:40.334943
napkc.net,AVAILABILITY,origin.list,2023-04-13 05:49:40.346668
new-vietcombank.net,AVAILABILITY,origin.list,2023-04-13 05:49:43.459211
napff3s.com,AVAILABILITY,origin.list,2023-04-13 05:49:43.468332
napkimcuongx5.com,AVAILABILITY,origin.list,2023-04-13 05:49:43.487526
napfreefirex5.com,AVAILABILITY,origin.list,2023-04-13 05:49:43.510665
napmu.com,AVAILABILITY,origin.list,2023-04-13 05:49:43.863311
napgamevip.com,AVAILABILITY,origin.list,2023-04-13 05:49:43.916165
napkimcuongffx100.com,AVAILABILITY,origin.list,2023-04-13 05:49:43.941238
napgameffnew.com,AVAILABILITY,origin.list,2023-04-13 05:49:44.229384
napnhanqua.com,AVAILABILITY,origin.list,2023-04-13 05:49:44.423616
lazada-sale.gq,AVAILABILITY,origin.list,2023-04-13 05:49:44.545209
napkimcuongx500.com,AVAILABILITY,origin.list,2023-04-13 05:49:45.496571
napplaytogether247.com,AVAILABILITY,origin.list,2023-04-13 05:49:51.998831
muakimcuongx10.com,AVAILABILITY,origin.list,2023-04-13 05:49:56.346792
napthefffreefire.com,AVAILABILITY,origin.list,2023-04-13 05:49:58.463898
napthelienquan360.club,AVAILABILITY,origin.list,2023-04-13 05:49:58.464120
napthelqmb.com,AVAILABILITY,origin.list,2023-04-13 05:49:58.560379
nganhang-vpbank.com,AVAILABILITY,origin.list,2023-04-13 05:49:58.562675
naptienfreefires.com,AVAILABILITY,origin.list,2023-04-13 05:49:58.830713
nhapcode-lienquan-garena.net,AVAILABILITY,origin.list,2023-04-13 05:50:00.668422
naplienquanx10.com,AVAILABILITY,origin.list,2023-04-13 05:50:00.685519
napthekvtm.com,AVAILABILITY,origin.list,2023-04-13 05:50:00.731149
nhangiftcode-garena.com,AVAILABILITY,origin.list,2023-04-13 05:50:02.866893
napkimcuongx.com,AVAILABILITY,origin.list,2023-04-13 05:50:04.942461
napthex10.net,AVAILABILITY,origin.list,2023-04-13 05:50:05.013592
naptheff.net,AVAILABILITY,origin.list,2023-04-13 05:50:05.032308
napthesukienlqmb.com,AVAILABILITY,origin.list,2023-04-13 05:50:05.298844
napthelienquan2021.com,AVAILABILITY,origin.list,2023-04-13 05:50:05.386250
nganhang-shinhanvietnam.com,AVAILABILITY,origin.list,2023-04-13 05:50:05.424433
momo.builders,AVAILABILITY,origin.list,2023-04-13 05:50:05.524663
naptienplaytogethers.com,AVAILABILITY,origin.list,2023-04-13 05:50:09.158980
naptienminiworld.net,AVAILABILITY,origin.list,2023-04-13 05:50:10.237838
naptheminiworld.xyz,AVAILABILITY,origin.list,2023-04-13 05:50:12.378344
napthequocte.com,AVAILABILITY,origin.list,2023-04-13 05:50:13.470269
www.jaccsc.com,AVAILABILITY,origin.list,2023-04-13 05:50:13.774201
napthevn.online,AVAILABILITY,origin.list,2023-04-13 05:50:14.541780
napsieure.store,AVAILABILITY,origin.list,2023-04-13 05:50:14.544087
naptien.site,AVAILABILITY,origin.list,2023-04-13 05:50:16.699159
new-vietcombank.info,AVAILABILITY,origin.list,2023-04-13 05:50:18.981813
naptheplaytogether.vn,AVAILABILITY,origin.list,2023-04-13 05:50:22.106527
nganhangsaokevnn.com,AVAILABILITY,origin.list,2023-04-13 05:50:22.108428
naptocchienmobile.com,AVAILABILITY,origin.list,2023-04-13 05:50:22.109986
naptienplaytogther.com,AVAILABILITY,origin.list,2023-04-13 05:50:23.170805
napxquanhuy.com,AVAILABILITY,origin.list,2023-04-13 05:50:32.879525
napthex50.com,AVAILABILITY,origin.list,2023-04-13 05:50:38.260185
napthee.vn,AVAILABILITY,origin.list,2023-04-13 05:50:39.329876
napucpubgmobile.com,AVAILABILITY,origin.list,2023-04-13 05:50:39.331461
nhanthuongfreefire2021.com,AVAILABILITY,origin.list,2023-04-13 05:50:39.331957
quagameff-freefireffvn.com,AVAILABILITY,origin.list,2023-04-13 05:50:39.485338
nganhangshopeevn.com,AVAILABILITY,origin.list,2023-04-13 05:50:50.876514
naptocchien247.com,AVAILABILITY,origin.list,2023-04-13 05:50:52.219754
playtogethervn-napthe.com,AVAILABILITY,origin.list,2023-04-13 05:50:54.527362
nhanquatrianfreefire.com,AVAILABILITY,origin.list,2023-04-13 05:50:56.467168
naptienfreefire.vn,AVAILABILITY,origin.list,2023-04-13 05:50:57.545775
onhamuadich.com,AVAILABILITY,origin.list,2023-04-13 05:50:58.638818
nhanquafreefire.pw,AVAILABILITY,origin.list,2023-04-13 05:51:00.788718
onlinebanking-shopee.vn,AVAILABILITY,origin.list,2023-04-13 05:51:04.138074
qualienquan-trian.com,AVAILABILITY,origin.list,2023-04-13 05:51:14.936299
nsomomo.com,AVAILABILITY,origin.list,2023-04-13 05:51:17.006358
khangdz215.tk,AVAILABILITY,origin.list,2023-04-13 05:51:20.158466
naptheplaytogether.games,AVAILABILITY,origin.list,2023-04-13 05:51:20.222766
naptocchien.mobi,AVAILABILITY,origin.list,2023-04-13 05:51:34.046262
nhantiensieutoc.com,AVAILABILITY,origin.list,2023-04-13 05:51:34.635722
nhanhtaymomo.com,AVAILABILITY,origin.list,2023-04-13 05:51:37.568342
napthelienquan.com.vn,AVAILABILITY,origin.list,2023-04-13 05:51:39.697997
quamemberthang9-freefirevn.com,AVAILABILITY,origin.list,2023-04-13 05:51:39.758454
naptocchien.vn,AVAILABILITY,origin.list,2023-04-13 05:51:45.076964
napkimcuonglaufreefire-vn.tk,AVAILABILITY,origin.list,2023-04-13 05:51:55.776648
phanmemgiare.club,AVAILABILITY,origin.list,2023-04-13 05:51:57.033585
napzingvng.news,AVAILABILITY,origin.list,2023-04-13 05:51:59.188682
nhanthuong2021.com,AVAILABILITY,origin.list,2023-04-13 05:52:00.270764
muaclone979.tk,AVAILABILITY,origin.list,2023-04-13 05:52:14.336346
pubgvongquay-2021vng.com,AVAILABILITY,origin.list,2023-04-13 05:52:14.344633
phanqua01vn.com,AVAILABILITY,origin.list,2023-04-13 05:52:20.323691
nhanquatrianlqmb.com,AVAILABILITY,origin.list,2023-04-13 05:52:29.347565
phanquavn152.com,AVAILABILITY,origin.list,2023-04-13 05:52:35.754112
kmnapthe.ga,AVAILABILITY,origin.list,2023-04-13 05:52:36.840526
phanqua365vn.com,AVAILABILITY,origin.list,2023-04-13 05:52:40.095666
phanqua7979.com,AVAILABILITY,origin.list,2023-04-13 05:52:45.463362
phpmyvpbbank.com,AVAILABILITY,origin.list,2023-04-13 05:52:51.543214
napthe.es,AVAILABILITY,origin.list,2023-04-13 05:53:01.503557
playtogethervietnam.com,AVAILABILITY,origin.list,2023-04-13 05:53:03.665366
quaffvietnam.com,AVAILABILITY,origin.list,2023-04-13 05:53:03.665682
playtogetherquabaotri.online,AVAILABILITY,origin.list,2023-04-13 05:53:07.897908
pagelazada.com,AVAILABILITY,origin.list,2023-04-13 05:53:08.990521
quatangplaytogether.com,AVAILABILITY,origin.list,2023-04-13 05:53:17.683321
