subject,idna_subject,expiration_date,epoch,registrar
24-7-vidientu.com,24-7-vidientu.com,24-jul-2023,1690156800.0,Web Commerce Communications Limited dba WebNic.cc
24-7bank.com,24-7bank.com,15-mar-2023,1678838400.0,P.A. Viet Nam Company Limited
247-banking.com,247-banking.com,21-jul-2023,1689897600.0,Web Commerce Communications Limited dba WebNic.cc
247-vidientu.com,247-vidientu.com,07-jul-2023,1688688000.0,Web Commerce Communications Limited dba WebNic.cc
247bank-ing.com,247bank-ing.com,27-jul-2023,1690416000.0,Web Commerce Communications Limited dba WebNic.cc
247vi-bank.com,247vi-bank.com,12-aug-2023,1691798400.0,Web Commerce Communications Limited dba WebNic.cc
247napas.com,247napas.com,09-jul-2023,1688860800.0,Web Commerce Communications Limited dba WebNic.cc
010172.com,010172.com,25-oct-2024,1729814400.0,"GoDaddy.com, LLC"
333lotte.com,333lotte.com,28-jul-2023,1690502400.0,MAFF Inc.
33lotte.com,33lotte.com,28-jul-2023,1690502400.0,MAFF Inc.
55lotte.com,55lotte.com,28-jul-2023,1690502400.0,MAFF Inc.
555lotte.com,555lotte.com,28-jul-2023,1690502400.0,MAFF Inc.
50gb034.xyz,50gb034.xyz,22-apr-2023,1682121600.0,Alibaba Cloud Computing Ltd. d/b/a HiChina (www.net.cn)
666lotte.com,666lotte.com,28-jul-2023,1690502400.0,MAFF Inc.
76236osm1.ru,76236osm1.ru,06-oct-2023,1696550400.0,RU-CENTER-RU
11tiki.com,11tiki.com,05-may-2023,1683244800.0,Gname.com Pte. Ltd.
588589.com,588589.com,21-mar-2023,1679356800.0,PocketDomain.com Inc.
888lotte.com,888lotte.com,28-jul-2023,1690502400.0,MAFF Inc.
free-4paid.com,free-4paid.com,04-dec-2022,1670112000.0,"NameCheap, Inc."
abc-vay.com,abc-vay.com,17-oct-2023,1697500800.0,Gname.com Pte. Ltd.
66lotte.com,66lotte.com,28-jul-2023,1690502400.0,MAFF Inc.
abutparker.com,abutparker.com,21-dec-2022,1671580800.0,"eNom, LLC"
99lotte.com,99lotte.com,28-jul-2023,1690502400.0,MAFF Inc.
999lotte.com,999lotte.com,28-jul-2023,1690502400.0,MAFF Inc.
acbvnlin.com,acbvnlin.com,13-aug-2023,1691884800.0,ALIBABA.COM SINGAPORE E-COMMERCE PRIVATE LIMITED
88lotte.com,88lotte.com,28-jul-2023,1690502400.0,MAFF Inc.
acbbank.xyz,acbbank.xyz,04-nov-2023,1699056000.0,"NameSilo, LLC"
adm789.com,adm789.com,27-jan-2023,1674777600.0,"NameCheap, Inc."
agrib-vn.com,agrib-vn.com,18-jun-2023,1687046400.0,"NameCheap, Inc."
adsharedwi897th.cfd,adsharedwi897th.cfd,11-may-2023,1683763200.0,Namecheap
ahthegha.cfd,ahthegha.cfd,14-may-2023,1684022400.0,Namecheap
acbvnliin.com,acbvnliin.com,13-aug-2023,1691884800.0,ALIBABA.COM SINGAPORE E-COMMERCE PRIVATE LIMITED
allpcsoftwares.info,allpcsoftwares.info,06-feb-2023,1675641600.0,"NameSilo, LLC"
allcrackhere.info,allcrackhere.info,23-jun-2023,1687478400.0,"NameCheap, Inc."
almofmultiple.cfd,almofmultiple.cfd,14-may-2023,1684022400.0,Namecheap
amnsreiuojy.ru,amnsreiuojy.ru,23-jan-2023,1674432000.0,REGRU-RU
anceovarec.cfd,anceovarec.cfd,22-apr-2023,1682121600.0,Namecheap
ani453las.cfd,ani453las.cfd,22-apr-2023,1682121600.0,Namecheap
andslideasco.cfd,andslideasco.cfd,30-may-2023,1685404800.0,Namecheap
anwasthere.cfd,anwasthere.cfd,14-may-2023,1684022400.0,Namecheap
aptersandt.cfd,aptersandt.cfd,24-may-2023,1684886400.0,Namecheap
andelect.cfd,andelect.cfd,14-may-2023,1684022400.0,Namecheap
aryancrack.com,aryancrack.com,04-mar-2023,1677888000.0,PDR Ltd. d/b/a PublicDomainRegistry.com
ateofakist.cfd,ateofakist.cfd,14-may-2023,1684022400.0,Namecheap
bagas3-1.com,bagas3-1.com,19-mar-2023,1679184000.0,PDR Ltd. d/b/a PublicDomainRegistry.com
acs84.com,acs84.com,08-jul-2023,1688774400.0,MAFF Inc.
atomictrivia.ru,atomictrivia.ru,05-jul-2023,1688515200.0,101DOMAIN-RU
apxsoftwares.com,apxsoftwares.com,10-feb-2023,1675987200.0,"NameSilo, LLC"
banktopvn.online,banktopvn.online,08-jun-2023,1686182400.0,iNET Corporation
bcmoney.xyz,bcmoney.xyz,05-feb-2023,1675555200.0,"Sav.com, LLC- 5"
baohanhdienmayxanhvn.com,baohanhdienmayxanhvn.com,08-apr-2023,1680912000.0,iNET CORPORATION
bm1717.com,bm1717.com,26-feb-2023,1677369600.0,"GoDaddy.com, LLC"
bm3536.com,bm3536.com,26-feb-2023,1677369600.0,"GoDaddy.com, LLC"
butvelocities.cfd,butvelocities.cfd,30-may-2023,1685404800.0,Namecheap
byasdebrisfie.cfd,byasdebrisfie.cfd,30-may-2023,1685404800.0,Namecheap
baotrixanhvn.com,baotrixanhvn.com,18-mar-2023,1679097600.0,iNET CORPORATION
celerantatters.com,celerantatters.com,03-feb-2023,1675382400.0,"NameCheap, Inc."
checkaccff.com,checkaccff.com,04-jul-2023,1688428800.0,Google LLC
clmm.team,clmm.team,06-sep-2023,1693958400.0,"NameSilo, LLC"
clmm.win,clmm.win,08-aug-2023,1691452800.0,"GMO Internet, Inc. d/b/a Onamae.com"
bgtib222.com,bgtib222.com,28-jun-2023,1687910400.0,"GoDaddy.com, LLC"
casneon.com,casneon.com,19-apr-2023,1681862400.0,Gandi SAS
cloud25.xyz,cloud25.xyz,14-feb-2023,1676332800.0,Namecheap
clmm29.fun,clmm29.fun,31-mar-2023,1680220800.0,GMO
code-garena-vn.com,code-garena-vn.com,11-jan-2023,1673395200.0,"NameCheap, Inc."
code-lienquan-vn.com,code-lienquan-vn.com,03-jan-2023,1672704000.0,"NameCheap, Inc."
cloud27.xyz,cloud27.xyz,14-feb-2023,1676332800.0,Namecheap
clubfiletyc.com,clubfiletyc.com,19-apr-2023,1681862400.0,REGISTRAR OF DOMAIN NAMES REG.RU LLC
condandthi.cfd,condandthi.cfd,22-apr-2023,1682121600.0,Namecheap
congdientu247.com,congdientu247.com,04-jul-2023,1688428800.0,MAT BAO CORPORATION
comptrffc.com,comptrffc.com,28-mar-2023,1679961600.0,"SNAPNAMES 26, LLC"
congthongtinvidientu.com,congthongtinvidientu.com,04-jul-2023,1688428800.0,MAT BAO CORPORATION
cpa-tc.com,cpa-tc.com,10-jan-2023,1673308800.0,"DYNADOT, LLC"
crackedlink.com,crackedlink.com,27-jul-2023,1690416000.0,"NameCheap, Inc."
crackedpcs.com,crackedpcs.com,07-jul-2024,1720310400.0,"NameSilo, LLC"
crackedsofts.info,crackedsofts.info,06-feb-2023,1675641600.0,"NameSilo, LLC"
crackfullpro.com,crackfullpro.com,05-may-2023,1683244800.0,"NameSilo, LLC"
crackfullpc.com,crackfullpc.com,12-feb-2023,1676160000.0,"NameCheap, Inc."
crackplaced.com,crackplaced.com,06-jul-2024,1720224000.0,"NameSilo, LLC"
cskh-dienmayxanhvn.com,cskh-dienmayxanhvn.com,07-may-2023,1683417600.0,"GMO Internet, Inc. d/b/a Onamae.com"
cskhdienmayxanh.com,cskhdienmayxanh.com,21-mar-2023,1679356800.0,"GMO Internet, Inc. d/b/a Onamae.com"
crackpropc.com,crackpropc.com,05-mar-2023,1677974400.0,"NameCheap, Inc."
ctswasprimarilyd.cfd,ctswasprimarilyd.cfd,11-may-2023,1683763200.0,Namecheap
dcommerc.cfd,dcommerc.cfd,22-apr-2023,1682121600.0,Namecheap
deepprostore.com,deepprostore.com,04-mar-2023,1677888000.0,PDR Ltd. d/b/a PublicDomainRegistry.com
dg2255.com,dg2255.com,26-feb-2023,1677369600.0,"GoDaddy.com, LLC"
cskhdienmayxanhvn.com,cskhdienmayxanhvn.com,24-jun-2023,1687564800.0,iNET CORPORATION
dienmayxanh-vn.top,dienmayxanh-vn.top,29-apr-2023,1682726400.0,P.A Viet Nam Company Limited
dienmayxanhhcm.com,dienmayxanhhcm.com,11-dec-2022,1670716800.0,P.A. Viet Nam Company Limited
dienmayxanhbeautyplus.com,dienmayxanhbeautyplus.com,24-mar-2023,1679616000.0,Nhan Hoa Software Company Ltd.
dienmayxanhtantam.com,dienmayxanhtantam.com,11-may-2023,1683763200.0,P.A. Viet Nam Company Limited
do002.com,do002.com,30-mar-2023,1680134400.0,"GoDaddy.com, LLC"
differentia.ru,differentia.ru,29-jun-2023,1687996800.0,RU-CENTER-RU
do005.com,do005.com,30-mar-2023,1680134400.0,"GoDaddy.com, LLC"
disorderstatus.ru,disorderstatus.ru,05-jul-2023,1688515200.0,101DOMAIN-RU
domainxnewma.com,domainxnewma.com,04-apr-2023,1680566400.0,CNOBIN INFORMATION TECHNOLOGY LIMITED
dienmayxanhhcm24h.com,dienmayxanhhcm24h.com,22-jun-2023,1687392000.0,P.A. Viet Nam Company Limited
drake4.xyz,drake4.xyz,02-mar-2023,1677715200.0,Namecheap
dvdienmayxanh.com,dvdienmayxanh.com,13-feb-2023,1676246400.0,Porkbun LLC
edbythe67ak.cfd,edbythe67ak.cfd,14-may-2023,1684022400.0,Namecheap
eeorderso.cfd,eeorderso.cfd,30-may-2023,1685404800.0,Namecheap
egiontheh.cfd,egiontheh.cfd,14-may-2023,1684022400.0,Namecheap
emodernst.cfd,emodernst.cfd,14-may-2023,1684022400.0,Namecheap
entbymo.cfd,entbymo.cfd,24-may-2023,1684886400.0,Namecheap
ergyfrommo.cfd,ergyfrommo.cfd,24-may-2023,1684886400.0,Namecheap
ff-member-ganena.com,ff-member-ganena.com,10-jan-2023,1673308800.0,iNET CORPORATION
ff-member-gazeza.com,ff-member-gazeza.com,02-dec-2022,1669939200.0,Tucows Domains Inc.
easywbdesign.com,easywbdesign.com,15-jun-2023,1686787200.0,"GoDaddy.com, LLC"
ff-membersship-garrena.com,ff-membersship-garrena.com,18-dec-2022,1671321600.0,Porkbun LLC
ff-memnber-garena.com,ff-memnber-garena.com,18-nov-2023,1700265600.0,"Wild West Domains, LLC"
file-store2.xyz,file-store2.xyz,21-apr-2023,1682035200.0,Namecheap
file-store4.xyz,file-store4.xyz,21-apr-2023,1682035200.0,Namecheap
fccomvn.com,fccomvn.com,08-jul-2023,1688774400.0,MAFF Inc.
findprizesplace.life,findprizesplace.life,23-aug-2023,1692748800.0,"NameCheap, Inc."
fmiphone-apple.com,fmiphone-apple.com,04-feb-2023,1675468800.0,PDR Ltd. d/b/a PublicDomainRegistry.com
fortt-rade.com,fortt-rade.com,27-aug-2023,1693094400.0,"NameCheap, Inc."
fmagnitude.cfd,fmagnitude.cfd,30-may-2023,1685404800.0,Namecheap
freefire-membershipvn-garena.com,freefire-membershipvn-garena.com,02-jan-2023,1672617600.0,Porkbun LLC
freepccrack.com,freepccrack.com,16-mar-2023,1678924800.0,IONOS SE
fhdd8431.com,fhdd8431.com,09-oct-2023,1696809600.0,"GoDaddy.com, LLC"
fullcrack4u.com,fullcrack4u.com,31-may-2023,1685491200.0,"NameSilo, LLC"
frionene.xyz,frionene.xyz,23-may-2023,1684800000.0,Dynadot LLC
fullcrackedz.com,fullcrackedz.com,31-may-2023,1685491200.0,"NameSilo, LLC"
garena-members.com,garena-members.com,02-jan-2023,1672617600.0,"CloudFlare, Inc."
garena.fan,garena.fan,24-nov-2022,1669248000.0,"Name.com, Inc."
bloodleian.club,bloodleian.club,15-oct-2023,1697328000.0,Dynadot LLC
essbritanidim.club,essbritanidim.club,08-aug-2023,1691452800.0,Dynadot LLC
garenalqm.com,garenalqm.com,13-jul-2023,1689206400.0,"GMO Internet, Inc. d/b/a Onamae.com"
garenamembership.com,garenamembership.com,26-jul-2023,1690329600.0,Google LLC
getclipabcxyz.com,getclipabcxyz.com,27-sep-2023,1695772800.0,IONOS SE
garena.mobi,garena.mobi,11-feb-2023,1676073600.0,"NameCheap, Inc."
getwindowsactivator.info,getwindowsactivator.info,10-apr-2023,1681084800.0,"NameCheap, Inc."
giftcode-mobilelienquan.com,giftcode-mobilelienquan.com,03-jan-2023,1672704000.0,"NameSilo, LLC"
giftcode-lienquanmobile-vn.com,giftcode-lienquanmobile-vn.com,14-jan-2023,1673654400.0,Tucows Domains Inc.
goshopback.vip,goshopback.vip,17-may-2023,1684281600.0,Go Australia Domains Inc
goshopbackvip.vip,goshopbackvip.vip,17-may-2023,1684281600.0,Go China Domains Inc
heirreplacem.cfd,heirreplacem.cfd,24-may-2023,1684886400.0,Namecheap
getintopc.digital,getintopc.digital,10-dec-2022,1670630400.0,"NameCheap, Inc."
hethonggiaodichvidientu247.com,hethonggiaodichvidientu247.com,31-jul-2023,1690761600.0,"OwnRegistrar, Inc."
herihed.cfd,herihed.cfd,30-may-2023,1685404800.0,Namecheap
hotline-dienmayxanh.com,hotline-dienmayxanh.com,21-mar-2023,1679356800.0,"GMO Internet, Inc. d/b/a Onamae.com"
hotbuckers.com,hotbuckers.com,28-mar-2023,1679961600.0,IONOS SE
https-apple.com,https-apple.com,23-aug-2023,1692748800.0,"NameSilo, LLC"
https-icloud.com,https-icloud.com,02-oct-2023,1696204800.0,"Sav.com, LLC"
hthecrown.cfd,hthecrown.cfd,24-may-2023,1684886400.0,Namecheap
helandsca.cfd,helandsca.cfd,07-may-2023,1683417600.0,Namecheap
hzmksreiuojy.ru,hzmksreiuojy.ru,23-jan-2023,1674432000.0,REGRU-RU
hdsaisonvn.com,hdsaisonvn.com,22-sep-2023,1695340800.0,MAFF Inc.
important-notices.com,important-notices.com,22-jun-2023,1687392000.0,123-Reg Limited
inet-ebank.com,inet-ebank.com,12-dec-2022,1670803200.0,"Name.com, Inc."
iesandb.cfd,iesandb.cfd,22-apr-2023,1682121600.0,Namecheap
ionthatco.cfd,ionthatco.cfd,14-may-2023,1684022400.0,Namecheap
ihgatms.cfd,ihgatms.cfd,30-may-2023,1685404800.0,Namecheap
ionvictoriesin.cfd,ionvictoriesin.cfd,14-may-2023,1684022400.0,Namecheap
indush.cfd,indush.cfd,14-may-2023,1684022400.0,Namecheap
isacambank.com,isacambank.com,09-jun-2023,1686268800.0,"NameSilo, LLC"
iruiotish.cfd,iruiotish.cfd,14-may-2023,1684022400.0,Namecheap
idmfullcrack.info,idmfullcrack.info,18-feb-2023,1676678400.0,"NameSilo, LLC"
istanmove.cfd,istanmove.cfd,14-may-2023,1684022400.0,Namecheap
itishindia.cfd,itishindia.cfd,14-may-2023,1684022400.0,Namecheap
itsdebri.cfd,itsdebri.cfd,30-may-2023,1685404800.0,Namecheap
keygenwin.com,keygenwin.com,05-may-2023,1683244800.0,"NameSilo, LLC"
khuyenmaivangonline.club,khuyenmaivangonline.club,15-apr-2023,1681516800.0,"GoDaddy.com, LLC"
jaccsc.com,jaccsc.com,06-oct-2023,1696550400.0,MAFF Inc.
kiemtien4u.com,kiemtien4u.com,08-may-2023,1683504000.0,"NameCheap, Inc."
jaccsn.com,jaccsn.com,07-oct-2023,1696636800.0,MAFF Inc.
kirov1.xyz,kirov1.xyz,26-feb-2023,1677369600.0,Namecheap
kuyhaa-me.pw,kuyhaa-me.pw,19-aug-2023,1692403200.0,PDR Ltd. d/b/a PublicDomainRegistry.com
jaccsz.com,jaccsz.com,11-oct-2023,1696982400.0,MAFF Inc.
la533.com,la533.com,02-sep-2023,1693612800.0,"GoDaddy.com, LLC"
jaccsvn.com,jaccsvn.com,25-sep-2023,1695600000.0,MAFF Inc.
largerinscale.cfd,largerinscale.cfd,30-may-2023,1685404800.0,Namecheap
lazada7788.com,lazada7788.com,04-may-2023,1683158400.0,"GoDaddy.com, LLC"
kingking79.com,kingking79.com,06-mar-2023,1678060800.0,MAFF Inc.
lazadatuyennhanvien.com,lazadatuyennhanvien.com,14-may-2023,1684022400.0,iNET CORPORATION
larpollicwilli.club,larpollicwilli.club,13-oct-2023,1697155200.0,Dynadot LLC
lg777.club,lg777.club,13-feb-2023,1676246400.0,"NameSilo, LLC"
lditsdebriisar.cfd,lditsdebriisar.cfd,30-may-2023,1685404800.0,Namecheap
lib1.biz,lib1.biz,24-mar-2023,1679616000.0,TLD Registrar Solutions Ltd.
ldp.page,ldp.page,17-oct-2023,1697500800.0,"Name.com, Inc."
lazadamallc.com,lazadamallc.com,02-jun-2023,1685664000.0,"GoDaddy.com, LLC"
lienquan-garena-giftcode.com,lienquan-garena-giftcode.com,26-nov-2022,1669420800.0,"GMO Internet, Inc. d/b/a Onamae.com"
lienketvidientu.com,lienketvidientu.com,07-jul-2023,1688688000.0,MAT BAO CORPORATION
live-icloud.com,live-icloud.com,01-may-2023,1682899200.0,BigRock Solutions Ltd
linshopee.com,linshopee.com,20-may-2023,1684540800.0,"GoDaddy.com, LLC"
lmht-membership.com,lmht-membership.com,03-jan-2023,1672704000.0,"GMO Internet, Inc. d/b/a Onamae.com"
llzd2.com,llzd2.com,22-jun-2023,1687392000.0,"GoDaddy.com, LLC"
link8x.xyz,link8x.xyz,02-aug-2023,1690934400.0,iNET Corporation
llappa.top,llappa.top,08-aug-2023,1691452800.0,Alibaba Cloud Computing Ltd. d/b/a HiChina (www.net.cn)
lotte66.com,lotte66.com,05-jul-2023,1688515200.0,MAFF Inc.
lotte3333.com,lotte3333.com,05-jul-2023,1688515200.0,MAFF Inc.
lotte333.com,lotte333.com,05-jul-2023,1688515200.0,MAFF Inc.
lottevn333.com,lottevn333.com,19-jul-2023,1689724800.0,MAFF Inc.
lottefinance6.com,lottefinance6.com,31-may-2023,1685491200.0,Jiangsu Bangning Science & technology Co. Ltd.
lottevn518.com,lottevn518.com,19-jul-2023,1689724800.0,MAFF Inc.
low-lyingwh.cfd,low-lyingwh.cfd,07-may-2023,1683417600.0,Namecheap
mayyadc.cfd,mayyadc.cfd,14-may-2023,1684022400.0,Namecheap
member-gaarena.com,member-gaarena.com,30-nov-2022,1669766400.0,"Amazon Registrar, Inc."
memberr-garenaa.com,memberr-garenaa.com,02-dec-2022,1669939200.0,"Amazon Registrar, Inc."
lottevn896.com,lottevn896.com,19-jul-2023,1689724800.0,MAFF Inc.
menberships-ff-garrena.com,menberships-ff-garrena.com,21-oct-2023,1697846400.0,"Wild West Domains, LLC"
meetamate.site,meetamate.site,15-jun-2023,1686787200.0,URL Solutions Inc.
micronsofte-online.com,micronsofte-online.com,31-oct-2023,1698710400.0,Google LLC
menhichs.cfd,menhichs.cfd,14-may-2023,1684022400.0,Namecheap
miniast.com,miniast.com,17-mar-2031,1931472000.0,"NameCheap, Inc."
mershadclo.cfd,mershadclo.cfd,24-may-2023,1684886400.0,Namecheap
lottevn666.com,lottevn666.com,19-jul-2023,1689724800.0,MAFF Inc.
momoloto.com,momoloto.com,07-oct-2023,1696636800.0,"GoDaddy.com, LLC"
lottevn999.com,lottevn999.com,19-jul-2023,1689724800.0,MAFF Inc.
mprisesth.cfd,mprisesth.cfd,14-may-2023,1684022400.0,Namecheap
modifiedseem.com,modifiedseem.com,27-may-2023,1685145600.0,"eNom, LLC"
muc247-vidientu.com,muc247-vidientu.com,22-jun-2023,1687392000.0,MAT BAO CORPORATION
mucvidientu24-7.com,mucvidientu24-7.com,30-jun-2023,1688083200.0,MAT BAO CORPORATION
mucvinganhangso247.com,mucvinganhangso247.com,12-jul-2023,1689120000.0,MAT BAO CORPORATION
mucvidientuvietnam247.com,mucvidientuvietnam247.com,18-jul-2023,1689638400.0,MAT BAO CORPORATION
mysp.ac,mysp.ac,19-may-2023,1684454400.0,MarkMonitor Inc.
mycrackfree.com,mycrackfree.com,31-may-2023,1685491200.0,"NameSilo, LLC"
nganhangso24-7.com,nganhangso24-7.com,08-jul-2023,1688774400.0,MAT BAO CORPORATION
naptheffx2.com,naptheffx2.com,03-feb-2023,1675382400.0,CSL Computer Service Langenbach GmbH d/b/a joker.com
nganhangtructuyen24h.com,nganhangtructuyen24h.com,24-jun-2023,1687564800.0,MAT BAO CORPORATION
nalhajarm.cfd,nalhajarm.cfd,07-may-2023,1683417600.0,Namecheap
nhan-tienvidientu247.com,nhan-tienvidientu247.com,25-jun-2023,1687651200.0,MAT BAO CORPORATION
nhanquaffob31.com,nhanquaffob31.com,04-dec-2022,1670112000.0,Tucows Domains Inc.
nganhangbidv.com,nganhangbidv.com,06-jan-2023,1672963200.0,"NameCheap, Inc."
nguyenkim.co,nguyenkim.co,09-feb-2023,1675900800.0,"NameSilo, LLC"
officials-kmspico.com,officials-kmspico.com,28-mar-2023,1679961600.0,Vautron Rechenzentrum AG
notbeexcluded.cfd,notbeexcluded.cfd,30-may-2023,1685404800.0,Namecheap
ofth546ebr.cfd,ofth546ebr.cfd,14-may-2023,1684022400.0,Namecheap
nhatnamgroups.com,nhatnamgroups.com,26-mar-2023,1679788800.0,P.A. Viet Nam Company Limited
nkstherefor.cfd,nkstherefor.cfd,24-may-2023,1684886400.0,Namecheap
onzeage.cfd,onzeage.cfd,14-may-2023,1684022400.0,Namecheap
org-secured.com,org-secured.com,14-jun-2023,1686700800.0,"NameCheap, Inc."
ordsexecutiv.cfd,ordsexecutiv.cfd,22-apr-2023,1682121600.0,Namecheap
oughtme.cfd,oughtme.cfd,14-may-2023,1684022400.0,Namecheap
oundandk.cfd,oundandk.cfd,22-apr-2023,1682121600.0,Namecheap
panyruld.cfd,panyruld.cfd,14-may-2023,1684022400.0,Namecheap
playzipgames.co,playzipgames.co,17-jan-2024,1705449600.0,"GoDaddy.com, LLC"
proactivationkey.com,proactivationkey.com,09-apr-2023,1680998400.0,"NameCheap, Inc."
proapkcrack.com,proapkcrack.com,26-apr-2023,1682467200.0,"NameCheap, Inc."
oylg7.com,oylg7.com,01-feb-2023,1675209600.0,Hosting Concepts B.V. d/b/a Registrar.eu
prolicensekeys.com,prolicensekeys.com,04-mar-2023,1677888000.0,PDR Ltd. d/b/a PublicDomainRegistry.com
psestwotothr.cfd,psestwotothr.cfd,30-may-2023,1685404800.0,Namecheap
procfullcracked.com,procfullcracked.com,04-mar-2023,1677888000.0,PDR Ltd. d/b/a PublicDomainRegistry.com
quaythuonggarena.com,quaythuonggarena.com,10-jul-2023,1688947200.0,iNET CORPORATION
procrackfree.com,procrackfree.com,08-nov-2023,1699401600.0,"NameCheap, Inc."
rategicstrai.cfd,rategicstrai.cfd,07-may-2023,1683417600.0,Namecheap
pkkti888.com,pkkti888.com,04-jun-2023,1685836800.0,Realtime Register B.V.
resonherse.cfd,resonherse.cfd,22-apr-2023,1682121600.0,Namecheap
reallkeys.com,reallkeys.com,15-feb-2023,1676419200.0,"GoDaddy.com, LLC"
quezachieve.cfd,quezachieve.cfd,22-apr-2023,1682121600.0,Namecheap
rhighest.cfd,rhighest.cfd,22-apr-2023,1682121600.0,Namecheap
sacchaeleduk.com,sacchaeleduk.com,03-feb-2023,1675382400.0,"NameCheap, Inc."
rituationscardb.info,rituationscardb.info,25-oct-2023,1698192000.0,Danesco Trading Ltd.
rich678.com,rich678.com,11-mar-2023,1678492800.0,"GoDaddy.com, LLC"
saifcrack.com,saifcrack.com,04-mar-2023,1677888000.0,PDR Ltd. d/b/a PublicDomainRegistry.com
sc0mvn.com,sc0mvn.com,28-may-2023,1685232000.0,Google LLC
pvpti222.com,pvpti222.com,28-jun-2023,1687910400.0,"GoDaddy.com, LLC"
sd062.com,sd062.com,07-jun-2023,1686096000.0,"GoDaddy.com, LLC"
sd0053.shop,sd0053.shop,05-jul-2023,1688515200.0,GoDaddy.com LLC
sd092.com,sd092.com,30-mar-2023,1680134400.0,"GoDaddy.com, LLC"
sd230.com,sd230.com,29-may-2023,1685318400.0,"GoDaddy.com, LLC"
sd3053.shop,sd3053.shop,05-jul-2023,1688515200.0,GoDaddy.com LLC
sd5487.com,sd5487.com,26-jun-2023,1687737600.0,"GoDaddy.com, LLC"
sd5675.com,sd5675.com,11-jun-2023,1686441600.0,"GoDaddy.com, LLC"
sd4034.shop,sd4034.shop,05-jul-2023,1688515200.0,GoDaddy.com LLC
sdo8357.com,sdo8357.com,11-may-2023,1683763200.0,"GoDaddy.com, LLC"
sdo2435.com,sdo2435.com,11-may-2023,1683763200.0,"GoDaddy.com, LLC"
sd8015.xyz,sd8015.xyz,28-jun-2023,1687910400.0,"Go Daddy, LLC"
seostar2.xyz,seostar2.xyz,02-mar-2023,1677715200.0,Namecheap
serialfull.info,serialfull.info,07-may-2023,1683417600.0,"NameSilo, LLC"
share-apple.com,share-apple.com,23-apr-2023,1682208000.0,"NameSilo, LLC"
shatheg.cfd,shatheg.cfd,14-may-2023,1684022400.0,Namecheap
shbfina.com,shbfina.com,21-sep-2023,1695254400.0,MAFF Inc.
shbfinan.com,shbfinan.com,18-sep-2023,1694995200.0,MAFF Inc.
shbfinanoe.com,shbfinanoe.com,25-aug-2023,1692921600.0,MAFF Inc.
shbfinans.com,shbfinans.com,29-aug-2023,1693267200.0,MAFF Inc.
shop3535.com,shop3535.com,10-apr-2023,1681084800.0,"GoDaddy.com, LLC"
shop3737.com,shop3737.com,10-apr-2023,1681084800.0,"GoDaddy.com, LLC"
shop5599.com,shop5599.com,10-apr-2023,1681084800.0,"GoDaddy.com, LLC"
shop146.com,shop146.com,04-jun-2023,1685836800.0,"GoDaddy.com, LLC"
shinhanbank79.com,shinhanbank79.com,25-jun-2023,1687651200.0,OpenTLD B.V.
shopee18.vip,shopee18.vip,21-jun-2023,1687305600.0,"Wild West Domains, Inc."
shopee2288.com,shopee2288.com,19-apr-2023,1681862400.0,"GoDaddy.com, LLC"
shopee24.vip,shopee24.vip,21-jun-2023,1687305600.0,Go China Domains Inc
shopee298.com,shopee298.com,19-apr-2023,1681862400.0,"GoDaddy.com, LLC"
shopee687.com,shopee687.com,14-jun-2023,1686700800.0,"GoDaddy.com, LLC"
shopmall33.com,shopmall33.com,03-may-2023,1683072000.0,"GoDaddy.com, LLC"
shopmall55.com,shopmall55.com,03-may-2023,1683072000.0,"GoDaddy.com, LLC"
shopmall66.com,shopmall66.com,03-may-2023,1683072000.0,"GoDaddy.com, LLC"
shopmall88.com,shopmall88.com,03-may-2023,1683072000.0,"GoDaddy.com, LLC"
shopne688.com,shopne688.com,24-aug-2023,1692835200.0,"GoDaddy.com, LLC"
showcrack.com,showcrack.com,03-feb-2023,1675382400.0,"NameCheap, Inc."
shopeexpress.online,shopeexpress.online,02-apr-2023,1680393600.0,Nhan Hoa Software Company Ltd
simpliftsbefore.info,simpliftsbefore.info,16-dec-2023,1702684800.0,Danesco Trading Ltd.
sieumomo.com,sieumomo.com,23-jan-2023,1674432000.0,"DreamHost, LLC"
sonarsurveyof.cfd,sonarsurveyof.cfd,30-may-2023,1685404800.0,Namecheap
softwaresdaily.com,softwaresdaily.com,22-apr-2023,1682121600.0,"NameSilo, LLC"
sputrey567rik.cfd,sputrey567rik.cfd,14-may-2023,1684022400.0,Namecheap
steamunlocked.one,steamunlocked.one,05-aug-2023,1691193600.0,"NameCheap, Inc."
sup7podthee.cfd,sup7podthee.cfd,24-may-2023,1684886400.0,Namecheap
shopruu.com,shopruu.com,01-jun-2023,1685577600.0,"GoDaddy.com, LLC"
support-maps.live,support-maps.live,22-may-2023,1684713600.0,"Sav.com, LLC"
taokhienfacebook.com,taokhienfacebook.com,10-may-2025,1746835200.0,"Hostinger, UAB"
tc-clicks.com,tc-clicks.com,24-mar-2023,1679616000.0,"DYNADOT, LLC"
theritishind.cfd,theritishind.cfd,14-may-2023,1684022400.0,Namecheap
theyt786ku.cfd,theyt786ku.cfd,14-may-2023,1684022400.0,Namecheap
teleway.top,teleway.top,25-oct-2023,1698192000.0,JIANGSU BANGNING SCIENCE & TECHNOLOGY CO. LTD
ticlewesimulate.cfd,ticlewesimulate.cfd,30-may-2023,1685404800.0,Namecheap
tikivip.club,tikivip.club,21-mar-2023,1679356800.0,"GoDaddy.com, LLC"
tikivip0001.com,tikivip0001.com,24-jun-2023,1687564800.0,"Xiamen 35.Com Technology Co., Ltd."
tiki136.com,tiki136.com,17-may-2023,1684281600.0,"NameCheap, Inc."
tikictv9.com,tikictv9.com,21-may-2023,1684627200.0,"GoDaddy.com, LLC"
traffic-c.com,traffic-c.com,26-jun-2023,1687737600.0,"DYNADOT, LLC"
trangdientu24-7.com,trangdientu24-7.com,23-apr-2023,1682208000.0,Nhan Hoa Software Company Ltd.
trangnganhangdientu247.com,trangnganhangdientu247.com,04-jul-2023,1688428800.0,MAT BAO CORPORATION
trangnganhangso247.com,trangnganhangso247.com,04-jul-2023,1688428800.0,MAT BAO CORPORATION
trffcdmn.com,trffcdmn.com,21-nov-2023,1700524800.0,"DYNADOT, LLC"
tpbank84.com,tpbank84.com,20-aug-2023,1692489600.0,MAFF Inc.
tpbankvnvn.com,tpbankvnvn.com,20-aug-2023,1692489600.0,Jiangsu Bangning Science & technology Co. Ltd.
trungtammayxanh.com,trungtammayxanh.com,17-jun-2023,1686960000.0,"GMO Internet, Inc. d/b/a Onamae.com"
titki55.cc,titki55.cc,16-jun-2023,1686873600.0,"DYNADOT, LLC"
tuyendungstmlazada.com,tuyendungstmlazada.com,11-may-2023,1683763200.0,"GMO Internet, Inc. d/b/a Onamae.com"
tsofhormuz.cfd,tsofhormuz.cfd,07-may-2023,1683417600.0,Namecheap
trumbemmomo.club,trumbemmomo.club,04-jul-2023,1688428800.0,"GMO Internet, Inc. d/b/a Onamae.com"
undimangen.cfd,undimangen.cfd,22-apr-2023,1682121600.0,Namecheap
unixfilesystem2.xyz,unixfilesystem2.xyz,11-may-2023,1683763200.0,Namecheap
upta16theu.cfd,upta16theu.cfd,14-may-2023,1684022400.0,Namecheap
ucesreferre.club,ucesreferre.club,12-oct-2023,1697068800.0,Dynadot LLC
vaythechap-bidv.com,vaythechap-bidv.com,25-jun-2023,1687651200.0,Nhan Hoa Software Company Ltd.
uslimsofbr.cfd,uslimsofbr.cfd,14-may-2023,1684022400.0,Namecheap
vcb-diglicabrnk.com,vcb-diglicabrnk.com,05-jun-2023,1685923200.0,"NameSilo, LLC"
vcb-vaysodo.com,vcb-vaysodo.com,17-feb-2023,1676592000.0,iNET CORPORATION
vaynganhangvcb.online,vaynganhangvcb.online,13-jun-2023,1686614400.0,GMO
vg99.co,vg99.co,20-jul-2023,1689811200.0,"GoDaddy.com, LLC"
vib84.com,vib84.com,24-aug-2023,1692835200.0,MAFF Inc.
vibvay.com,vibvay.com,31-aug-2023,1693440000.0,MAFF Inc.
vidientu-247.com,vidientu-247.com,05-may-2023,1683244800.0,P.A. Viet Nam Company Limited
vidientunganhangso247.com,vidientunganhangso247.com,12-jul-2023,1689120000.0,MAT BAO CORPORATION
vidientutrangtructuyen247.com,vidientutrangtructuyen247.com,14-jul-2023,1689292800.0,MAT BAO CORPORATION
v2s4ku8b.com,v2s4ku8b.com,18-may-2023,1684368000.0,"Name.com, Inc."
vidientuvietnam247.com,vidientuvietnam247.com,12-jul-2023,1689120000.0,MAT BAO CORPORATION
vhcmc2.xyz,vhcmc2.xyz,04-apr-2023,1680566400.0,Mat Bao Corporation
vietimbank.top,vietimbank.top,17-may-2023,1684281600.0,Dynadot LLC
view-apple.com,view-apple.com,14-may-2023,1684022400.0,"NameSilo, LLC"
vimomo.monster,vimomo.monster,25-oct-2023,1698192000.0,Namecheap
vibvayvn.com,vibvayvn.com,18-sep-2023,1694995200.0,MAFF Inc.
viptikivn.club,viptikivn.club,09-jun-2023,1686268800.0,"GoDaddy.com, LLC"
vn-cn.xyz,vn-cn.xyz,01-sep-2023,1693526400.0,"NameSilo, LLC"
vn-cr.life,vn-cr.life,16-sep-2023,1694822400.0,"NameSilo, LLC"
vn-dienmayxanh.com,vn-dienmayxanh.com,22-apr-2023,1682121600.0,"GMO Internet, Inc. d/b/a Onamae.com"
viyo.life,viyo.life,17-oct-2023,1697500800.0,"Name.com, Inc."
vn-findmy.com,vn-findmy.com,07-aug-2023,1691366400.0,"Sav.com, LLC"
vn-hc.info,vn-hc.info,06-oct-2023,1696550400.0,"Dynadot, LLC"
vn-kn.vip,vn-kn.vip,25-aug-2023,1692921600.0,Gname.com Pte. Ltd.
vn-scl.life,vn-scl.life,06-sep-2023,1693958400.0,"NameSilo, LLC"
vn-ub.info,vn-ub.info,23-sep-2023,1695427200.0,"NameSilo, LLC"
vn-sp.top,vn-sp.top,01-oct-2023,1696118400.0,Gname.com Pte. Ltd.
vn-vp.xyz,vn-vp.xyz,14-aug-2023,1691971200.0,Gname.com Pte. Ltd.
vnah567.com,vnah567.com,25-may-2023,1684972800.0,"GoDaddy.com, LLC"
vnshop11.com,vnshop11.com,04-jun-2023,1685836800.0,"GoDaddy.com, LLC"
vnbitcoin.cc,vnbitcoin.cc,29-aug-2023,1693267200.0,"GoDaddy.com, LLC"
vongquay-freefire.com,vongquay-freefire.com,10-apr-2023,1681084800.0,Domain Source LLC
vongquay-freefire2021.com,vongquay-freefire2021.com,07-jun-2023,1686096000.0,"Wild West Domains, LLC"
vongquay79.com,vongquay79.com,29-sep-2023,1695945600.0,P.A. Viet Nam Company Limited
vongquay88.com,vongquay88.com,22-mar-2023,1679443200.0,"GoDaddy.com, LLC"
vongquayfreefiremembership.com,vongquayfreefiremembership.com,06-jan-2023,1672963200.0,"GMO Internet, Inc. d/b/a Onamae.com"
vietnammoi.biz,vietnammoi.biz,25-feb-2023,1677283200.0,Porkbun
vongquaylqm.com,vongquaylqm.com,14-may-2023,1684022400.0,"Wild West Domains, LLC"
vongquaykimcuong79.com,vongquaykimcuong79.com,03-may-2023,1683072000.0,"NameCheap, Inc."
vongquaykimcuongfreefire.com,vongquaykimcuongfreefire.com,18-nov-2023,1700265600.0,iNET CORPORATION
vongquaymienphi.com,vongquaymienphi.com,19-jun-2023,1687132800.0,"NameCheap, Inc."
vvvvw-icloud.com,vvvvw-icloud.com,22-jun-2023,1687392000.0,"NameSilo, LLC"
www-icloudid.com,www-icloudid.com,12-jul-2023,1689120000.0,"NameSilo, LLC"
xa38.xyz,xa38.xyz,29-apr-2023,1682726400.0,Alibaba Cloud Computing Ltd. d/b/a HiChina (www.net.cn)
xjpakmdcfuqe.biz,xjpakmdcfuqe.biz,27-nov-2022,1669507200.0,Stichting Registrar of Last Resort Foundation
xiaosdg.top,xiaosdg.top,12-may-2023,1683849600.0,Chengdu west dimension digital
xjpakmdcfuqe.com,xjpakmdcfuqe.com,14-oct-2023,1697241600.0,DropCatch.com 1395 LLC
xjpakmdcfuqe.in,xjpakmdcfuqe.in,24-dec-2022,1671840000.0,NIXI Special Projects
xjpakmdcfuqe.ru,xjpakmdcfuqe.ru,15-feb-2023,1676419200.0,REGRU-RU
zingmp3.pro,zingmp3.pro,30-jul-2023,1690675200.0,"GoDaddy.com, LLC"
xproductkey.com,xproductkey.com,24-nov-2022,1669248000.0,"NameCheap, Inc."
znavidsde.cfd,znavidsde.cfd,14-may-2023,1684022400.0,Namecheap
yunduofei.xyz,yunduofei.xyz,27-oct-2023,1698364800.0,Alibaba Cloud Computing Ltd. d/b/a HiChina (www.net.cn)
xd152.com,xd152.com,29-jun-2023,1687996800.0,"GoDaddy.com, LLC"
nova-ebill.xyz,nova-ebill.xyz,22-apr-2023,1682121600.0,"NameSilo, LLC"
undertheguid.cfd,undertheguid.cfd,22-apr-2023,1682121600.0,Namecheap
uptomscan.cfd,uptomscan.cfd,30-may-2023,1685404800.0,Namecheap
apps-for-pc.com,apps-for-pc.com,22-nov-2023,1700611200.0,PDR Ltd. d/b/a PublicDomainRegistry.com
atspace.tv,atspace.tv,01-mar-2023,1677628800.0,"eNom, LLC"
clmm.tv,clmm.tv,21-oct-2023,1697846400.0,"NameCheap, Inc."
cracktube.net,cracktube.net,10-jan-2024,1704844800.0,"GoDaddy.com, LLC"
dien-may-xanh.net,dien-may-xanh.net,06-jan-2023,1672963200.0,MAT BAO CORPORATION
muahangnhanh.net,muahangnhanh.net,23-feb-2023,1677110400.0,Porkbun LLC
piratespc.net,piratespc.net,13-jun-2024,1718236800.0,"DYNADOT, LLC"
sgxcoin.net,sgxcoin.net,11-mar-2023,1678492800.0,MAFF Inc.
trungtamdienmayxanh.net,trungtamdienmayxanh.net,06-jan-2023,1672963200.0,Nhan Hoa Software Company Ltd.
tuyendunglazada.net,tuyendunglazada.net,29-apr-2023,1682726400.0,iNET CORPORATION
vongquay.net,vongquay.net,28-feb-2024,1709078400.0,"GMO Internet, Inc. d/b/a Onamae.com"
vongquaymienphi.net,vongquaymienphi.net,27-mar-2023,1679875200.0,"Gransy, s.r.o."
lazada14.net,lazada14.net,30-may-2023,1685404800.0,"DYNADOT, LLC"
lazada12.net,lazada12.net,30-may-2023,1685404800.0,"DYNADOT, LLC"
lazada13.net,lazada13.net,30-may-2023,1685404800.0,"DYNADOT, LLC"
lazada8.net,lazada8.net,30-may-2023,1685404800.0,"DYNADOT, LLC"
activationskey.org,activationskey.org,02-feb-2023,1675296000.0,"Namesilo, LLC"
getmacos.org,getmacos.org,27-may-2023,1685145600.0,"NameCheap, Inc."
face-book.co,face-book.co,10-oct-2023,1696896000.0,Dynadot LLC
allcracks.org,allcracks.org,06-jul-2023,1688601600.0,"NameCheap, Inc."
ladsblue.com,ladsblue.com,25-nov-2023,1700870400.0,"NameSilo, LLC"
restlesz.su,restlesz.su,27-jan-2023,1674777600.0,REGRU-SU
ahoravideo-schnellvpn.xyz,ahoravideo-schnellvpn.xyz,29-sep-2023,1695945600.0,Google Inc
bideo-cdn.xyz,bideo-cdn.xyz,12-oct-2023,1697068800.0,"NameSilo, LLC"
bideo-chat.xyz,bideo-chat.xyz,18-nov-2023,1700265600.0,Namecheap
bideo-endpoint.xyz,bideo-endpoint.xyz,29-sep-2023,1695945600.0,"Amazon Registrar, Inc."
fairu-endpoint.xyz,fairu-endpoint.xyz,29-sep-2023,1695945600.0,Google Inc
fairu-schnellvpn.xyz,fairu-schnellvpn.xyz,29-sep-2023,1695945600.0,"Amazon Registrar, Inc."
privatproxy-blog.xyz,privatproxy-blog.xyz,29-sep-2023,1695945600.0,Google Inc
privatproxy-cdn.xyz,privatproxy-cdn.xyz,11-sep-2023,1694390400.0,"OwnRegistrar, Inc."
privatproxy-schnellvpn.xyz,privatproxy-schnellvpn.xyz,11-sep-2023,1694390400.0,"NameSilo, LLC"
wmail-blog.xyz,wmail-blog.xyz,29-sep-2023,1695945600.0,"Amazon Registrar, Inc."
wmail-cdn.xyz,wmail-cdn.xyz,29-sep-2023,1695945600.0,Google Inc
wmail-chat.xyz,wmail-chat.xyz,29-sep-2023,1695945600.0,Google Inc
wmail-endpoint.xyz,wmail-endpoint.xyz,29-sep-2023,1695945600.0,Google Inc
wmail-schnellvpn.xyz,wmail-schnellvpn.xyz,27-jun-2023,1687824000.0,Mesh Digital Ltd
aliexshop.vip,aliexshop.vip,07-oct-2023,1696636800.0,"NameSilo, LLC"
clmm.pro,clmm.pro,10-aug-2024,1723248000.0,"NameCheap, Inc."
clmm88.co,clmm88.co,31-jul-2023,1690761600.0,"NameCheap, Inc."
cltx.in,cltx.in,30-sep-2023,1696032000.0,"Porkbun, LLC"
didongviet.store,didongviet.store,23-sep-2023,1695427200.0,Mat Bao Corporation
hpggroup.net,hpggroup.net,19-jul-2023,1689724800.0,"GoDaddy.com, LLC"
nestlegroup.pro,nestlegroup.pro,13-sep-2023,1694563200.0,"GoDaddy.com, LLC"
thegioididong.store,thegioididong.store,20-oct-2023,1697760000.0,Nhan Hoa Software Company Ltd
trumcltx.vip,trumcltx.vip,01-oct-2023,1696118400.0,Porkbun
tx55.vip,tx55.vip,11-oct-2023,1696982400.0,Go China Domains Inc
vebo123.vip,vebo123.vip,28-oct-2023,1698451200.0,Porkbun
vn-cl.xyz,vn-cl.xyz,04-aug-2023,1691107200.0,"NameSilo, LLC"
vn-cn.life,vn-cn.life,18-sep-2023,1694995200.0,"NameSilo, LLC"
vn-iy.life,vn-iy.life,01-oct-2023,1696118400.0,"NameSilo, LLC"
vn-iy.info,vn-iy.info,01-oct-2023,1696118400.0,"NameSilo, LLC"
vn-iz.info,vn-iz.info,24-sep-2023,1695513600.0,"NameSilo, LLC"
vn-jss.vip,vn-jss.vip,24-nov-2023,1700784000.0,Gname.com Pte. Ltd.
vn-nng.top,vn-nng.top,28-nov-2023,1701129600.0,Gname.com Pte. Ltd.
vn-llc.top,vn-llc.top,17-nov-2023,1700179200.0,Gname.com Pte. Ltd.
vn-rb.icu,vn-rb.icu,24-sep-2023,1695513600.0,Gname.com Pte. Ltd.
vn-rn.biz,vn-rn.biz,26-sep-2023,1695686400.0,Gname.com Pte. Ltd.
vn-sp.xyz,vn-sp.xyz,01-oct-2023,1696118400.0,Gname.com Pte. Ltd.
vn-uz.info,vn-uz.info,26-sep-2023,1695686400.0,"NameSilo, LLC"
ahoravideo-endpoint.xyz,ahoravideo-endpoint.xyz,20-dec-2023,1703030400.0,INWX GmbH
giaitrimomo.net,giaitrimomo.net,15-nov-2023,1700006400.0,Porkbun LLC
vebo1s.co,vebo1s.co,04-dec-2023,1701648000.0,Porkbun
vp111.vip,vp111.vip,19-jul-2023,1689724800.0,Go France Domains Inc
facebookk.life,facebookk.life,17-dec-2023,1702771200.0,"GoDaddy.com, LLC"
